Country Name,Country Code,Year,Gini_Index,GDP_per_Capita
Angola,AGO,2000,51.9,563.733795571487
Argentina,ARG,2000,51.0,7637.01489203628
Austria,AUT,2000,29.0,24487.2974685956
Belgium,BEL,2000,33.1,23098.8865077401
Bangladesh,BGD,2000,33.4,396.670730249751
Belarus,BLR,2000,31.2,1276.2880341
Bolivia,BOL,2000,61.6,975.777060358751
Canada,CAN,2000,33.4,24271.0020563821
Switzerland,CHE,2000,33.4,38865.021939688
Chile,CHL,2000,52.8,5052.99245766325
Colombia,COL,2000,58.4,2555.00751039968
Costa Rica,CRI,2000,47.4,3812.75388284924
Germany,DEU,2000,28.9,23925.8559901991
Denmark,DNK,2000,23.8,30722.0251837567
Dominican Republic,DOM,2000,51.5,2831.45883638033
Ecuador,ECU,2000,56.3,1382.23421759909
Spain,ESP,2000,34.1,14743.2671031455
Estonia,EST,2000,35.8,4070.60902410208
Finland,FIN,2000,27.2,24335.9225082659
France,FRA,2000,32.6,22340.5939516217
United Kingdom,GBR,2000,38.8,28383.8761094996
Georgia,GEO,2000,40.5,749.908534993961
Greece,GRC,2000,34.4,11638.2010697215
Guatemala,GTM,2000,54.2,1648.96578971559
Croatia,HRV,2000,31.3,4953.65158789022
Hungary,HUN,2000,27.2,4629.91760812548
Indonesia,IDN,2000,30.3,763.711124950924
Ireland,IRL,2000,33.0,26334.5672050501
Italy,ITA,2000,35.2,20190.0035636084
Kyrgyz Republic,KGZ,2000,31.0,279.621738464365
Lithuania,LTU,2000,31.7,3300.63634928559
Luxembourg,LUX,2000,30.1,48659.5988753233
Morocco,MAR,2000,40.6,1499.107421875
Moldova,MDA,2000,36.4,440.538683980372
Mexico,MEX,2000,53.4,7524.0271380091
North Macedonia,MKD,2000,34.3,1861.89899780644
Mauritania,MRT,2000,39.0,680.911061879778
Norway,NOR,2000,27.4,38178.2368777076
Panama,PAN,2000,56.6,3975.09310275544
Peru,PER,2000,49.1,1945.41338451698
Philippines,PHL,2000,47.7,1050.79273107952
Poland,POL,2000,33.0,4520.64100449111
Romania,ROU,2000,29.3,1659.92904910528
Russian Federation,RUS,2000,37.1,1771.59411621094
Rwanda,RWA,2000,48.5,251.86926386091
El Salvador,SLV,2000,51.5,1982.87093542615
Sao Tome and Principe,STP,2000,32.1,529.089383412262
Sweden,SWE,2000,27.0,29632.5890811623
Eswatini,SWZ,2000,53.1,1629.67038842815
Thailand,THA,2000,42.8,2005.97694514234
Tonga,TON,2000,37.7,1995.07667546271
Tunisia,TUN,2000,40.8,2199.04465936314
Tanzania,TZA,2000,37.3,401.698150634766
Uruguay,URY,2000,43.4,6987.70098766257
United States,USA,2000,40.1,36329.9560727102
Uzbekistan,UZB,2000,35.9,555.149231099186
South Africa,ZAF,2000,57.8,3217.84693448467
Argentina,ARG,2001,53.3,7141.47507662826
Armenia,ARM,2001,35.4,659.588988535629
Australia,AUS,2001,33.5,19733.6510102645
Azerbaijan,AZE,2001,36.5,703.670998584686
Bulgaria,BGR,2001,32.7,1770.90704918691
Bosnia and Herzegovina,BIH,2001,30.0,1387.89362942121
Belarus,BLR,2001,30.6,1244.37318523431
Bolivia,BOL,2001,57.4,930.168227214313
Brazil,BRA,2001,58.4,3176.28975052524
Canada,CAN,2001,33.6,23822.096210932
Cameroon,CMR,2001,42.1,715.470296470585
Colombia,COL,2001,57.3,2472.99084035833
Cabo Verde,CPV,2001,52.5,1223.33055331575
Costa Rica,CRI,2001,51.5,3985.12984506207
Germany,DEU,2001,29.9,23878.3641471651
Dominican Republic,DOM,2001,50.0,2935.89367312668
Estonia,EST,2001,36.0,4502.66614992392
France,FRA,2001,32.5,22331.7948343036
United Kingdom,GBR,2001,37.1,28013.8729635508
Georgia,GEO,2001,39.6,801.98383707929
Honduras,HND,2001,55.4,1132.1648753329
Croatia,HRV,2001,31.1,5364.83824691607
Haiti,HTI,2001,59.0,748.821159844528
Hungary,HUN,2001,26.9,5280.94887987063
Indonesia,IDN,2001,31.2,732.307093405708
Israel,ISR,2001,38.9,20966.3052667971
Kazakhstan,KAZ,2001,36.0,1422.27331810957
Kyrgyz Republic,KGZ,2001,30.2,308.41129550148
Lithuania,LTU,2001,32.0,3532.52787363242
Luxembourg,LUX,2001,30.9,48440.1420151355
Moldova,MDA,2001,38.0,507.404076252819
Madagascar,MDG,2001,47.4,319.283278235657
Mali,MLI,2001,39.9,346.224554251022
Nicaragua,NIC,2001,52.9,1051.874235891
Pakistan,PAK,2001,28.7,609.939506905073
Panama,PAN,2001,56.7,3991.77672094655
Peru,PER,2001,51.3,1929.57273038846
Poland,POL,2001,32.8,5015.23790036613
Paraguay,PRY,2001,54.6,1637.68615122932
Romania,ROU,2001,29.4,1825.19299373184
Russian Federation,RUS,2001,36.9,2100.3525390625
Senegal,SEN,2001,41.2,637.213530563724
El Salvador,SLV,2001,51.3,2058.04459070452
Sweden,SWE,2001,26.5,27259.3174300217
Timor-Leste,TLS,2001,35.9,587.700634429079
Uruguay,URY,2001,45.0,6382.76104740859
United States,USA,2001,40.6,37133.623113437
"Venezuela, RB",VEN,2001,47.2,4920.39313600453
Albania,ALB,2002,31.7,1479.83884572006
Argentina,ARG,2002,53.8,2569.69963519124
Armenia,ARM,2002,34.8,742.651118319819
Azerbaijan,AZE,2002,25.3,763.108895463487
Belarus,BLR,2002,30.3,1479.38066337175
Bolivia,BOL,2002,59.3,888.221328974352
Brazil,BRA,2002,58.1,2855.94017137049
Botswana,BWA,2002,61.5,3117.25087183011
Canada,CAN,2002,33.6,24256.0192337185
Switzerland,CHE,2002,31.7,42458.7384679187
China,CHN,2002,42.0,1163.55957673426
Cote d'Ivoire,CIV,2002,41.3,967.815864415991
Colombia,COL,2002,56.0,2428.92969771584
Costa Rica,CRI,2002,51.8,4067.71851429092
Czechia,CZE,2002,26.6,8101.26018588111
Germany,DEU,2002,29.8,25486.5942008748
Djibouti,DJI,2002,40.0,743.013270420348
Dominican Republic,DOM,2002,49.7,3065.60329524196
Estonia,EST,2002,35.8,5343.18310760735
Fiji,FJI,2002,38.1,2136.56794118683
France,FRA,2002,31.8,24144.5727019529
United Kingdom,GBR,2002,35.1,30158.7017807858
Georgia,GEO,2002,37.2,853.526171868939
Guinea,GIN,2002,43.0,495.916073559269
Guinea-Bissau,GNB,2002,35.6,362.034574570354
Greece,GRC,2002,35.5,13782.195640943
Honduras,HND,2002,55.7,1132.49965345317
Hungary,HUN,2002,26.8,6658.04494326809
Indonesia,IDN,2002,30.2,881.002913569131
Ireland,IRL,2002,32.3,32705.4345565698
Israel,ISR,2002,39.6,19076.4584298321
Italy,ITA,2002,34.7,22451.3964379368
Jamaica,JAM,2002,48.3,3680.64551727724
Jordan,JOR,2002,37.0,1706.26744384401
Kazakhstan,KAZ,2002,34.8,1573.55219932325
Kyrgyz Republic,KGZ,2002,30.3,321.726775366804
Lao PDR,LAO,2002,32.6,313.350817148131
Sri Lanka,LKA,2002,40.2,834.936014905338
Lesotho,LSO,2002,51.2,388.92334985135
Lithuania,LTU,2002,31.9,4148.13091485015
Luxembourg,LUX,2002,31.1,53005.7339209179
Latvia,LVA,2002,35.1,4003.60935783538
Moldova,MDA,2002,35.8,570.799866188293
Maldives,MDV,2002,41.3,3076.07007160101
Mexico,MEX,2002,50.6,7983.03398381759
North Macedonia,MKD,2002,38.5,1989.13537265159
Mongolia,MNG,2002,32.9,570.249213248399
Mozambique,MOZ,2002,46.9,313.886661721198
Panama,PAN,2002,56.1,4090.58616456082
Peru,PER,2002,53.6,2007.37019626753
Poland,POL,2002,34.1,5223.45178967082
Paraguay,PRY,2002,57.3,1367.76506935997
Romania,ROU,2002,30.2,2119.85509684554
Russian Federation,RUS,2002,37.3,2377.52954101563
El Salvador,SLV,2002,51.9,2115.41187355626
Serbia,SRB,2002,32.7,2390.73459447107
Slovenia,SVN,2002,29.1,11639.1297780477
Sweden,SWE,2002,26.2,29957.7776664916
Thailand,THA,2002,41.9,2089.75183111554
Turkiye,TUR,2002,41.4,3591.08628982587
Uganda,UGA,2002,45.2,241.984688408335
Ukraine,UKR,2002,29.0,903.011901855469
Uruguay,URY,2002,45.5,4149.76140312687
United States,USA,2002,40.4,37997.7596573051
Uzbekistan,UZB,2002,33.0,381.409296889283
"Venezuela, RB",VEN,2002,48.9,3652.09896501865
Viet Nam,VNM,2002,37.0,445.132861817313
Samoa,WSM,2002,40.7,1527.55790455937
Zambia,ZMB,2002,42.1,393.864625518616
Argentina,ARG,2003,51.0,3320.47775133903
Armenia,ARM,2003,33.0,882.030167695474
Australia,AUS,2003,33.5,23757.5898471684
Austria,AUT,2003,29.5,32110.1159661425
Azerbaijan,AZE,2003,26.8,883.692580745256
Belgium,BEL,2003,28.1,30655.2092679024
Benin,BEN,2003,38.6,676.002878084282
Burkina Faso,BFA,2003,43.3,362.373899996953
Bulgaria,BGR,2003,28.9,2719.49436859287
Belarus,BLR,2003,28.8,1819.52653114699
Brazil,BRA,2003,57.6,3090.6068907839
Bhutan,BTN,2003,40.9,1022.38240311018
Canada,CAN,2003,33.8,28301.8645937428
Chile,CHL,2003,51.5,4773.40177520754
Colombia,COL,2003,53.6,2311.94218760291
Costa Rica,CRI,2003,49.3,4173.14856415514
Germany,DEU,2003,29.8,30711.1022511331
Denmark,DNK,2003,25.6,40519.0974905924
Dominican Republic,DOM,2003,52.1,2383.26171780393
Ecuador,ECU,2003,53.5,2315.62215223014
Spain,ESP,2003,31.8,21522.0170990262
Estonia,EST,2003,37.2,7205.40703313243
Finland,FIN,2003,27.7,32920.0857192568
France,FRA,2003,31.4,29479.5222101175
United Kingdom,GBR,2003,34.9,34556.7726095905
Georgia,GEO,2003,36.6,1010.03151630868
"Gambia, The",GMB,2003,47.3,308.719123437587
Greece,GRC,2003,32.8,18020.612039764
Honduras,HND,2003,58.1,1156.08162681357
Hungary,HUN,2003,30.9,8410.09248198479
Indonesia,IDN,2003,29.3,1043.2105838671
Ireland,IRL,2003,32.9,41203.5295847568
Iceland,ISL,2003,26.8,39944.2104095591
Israel,ISR,2003,40.7,19643.4690380742
Italy,ITA,2003,34.9,27577.5700319855
Kazakhstan,KAZ,2003,33.7,1958.02050246511
Kyrgyz Republic,KGZ,2003,28.7,380.505828812441
Lithuania,LTU,2003,35.5,5507.47434187652
Luxembourg,LUX,2003,30.2,65689.3214536911
Latvia,LVA,2003,36.5,4914.57992829302
Moldova,MDA,2003,34.9,682.319095965299
North Macedonia,MKD,2003,38.7,2445.36286400013
Malaysia,MYS,2003,46.4,4465.32194567208
Namibia,NAM,2003,63.3,2569.24739317883
Nigeria,NGA,2003,40.1,763.388745367223
Norway,NOR,2003,27.6,50250.3298214345
Nepal,NPL,2003,43.8,246.429706587633
Panama,PAN,2003,55.6,4264.66428949623
Peru,PER,2003,53.1,2129.44114197634
Philippines,PHL,2003,46.6,1027.2301192843
Poland,POL,2003,34.9,5720.81366178104
Portugal,PRT,2003,38.8,15797.7821340276
Paraguay,PRY,2003,54.9,1443.99885236205
Romania,ROU,2003,29.9,2679.40626016154
Russian Federation,RUS,2003,40.0,2975.123046875
Sierra Leone,SLE,2003,40.2,413.817607346927
El Salvador,SLV,2003,50.4,2207.83089518069
Serbia,SRB,2003,32.8,3153.9011312754
Slovenia,SVN,2003,30.9,14711.674874253
Sweden,SWE,2003,25.3,37292.2419727801
Syrian Arab Republic,SYR,2003,37.5,1220.179077256
Chad,TCD,2003,39.8,289.087621122168
Tajikistan,TJK,2003,32.7,233.58124845289
Turkiye,TUR,2003,42.2,4649.63668068586
Ukraine,UKR,2003,28.7,1076.48156738281
Uruguay,URY,2003,45.0,3671.12329256883
United States,USA,2003,40.8,39490.2749557007
Uzbekistan,UZB,2003,35.2,394.164028897235
"Venezuela, RB",VEN,2003,47.9,3229.50557082079
Argentina,ARG,2004,48.5,4242.02099089422
Armenia,ARM,2004,37.5,1130.08791444158
Australia,AUS,2004,33.1,30886.0500949401
Austria,AUT,2004,29.8,36614.2506533707
Azerbaijan,AZE,2004,26.6,1045.0136328106
Belgium,BEL,2004,30.5,35429.4077933344
Bosnia and Herzegovina,BIH,2004,34.0,2452.6860917386
Belarus,BLR,2004,26.5,2378.33700470129
Bolivia,BOL,2004,55.0,953.191893246277
Brazil,BRA,2004,56.5,3663.82262497811
Canada,CAN,2004,33.8,32145.5412620217
Switzerland,CHE,2004,31.6,54659.4571488233
"Congo, Dem. Rep.",COD,2004,41.6,180.664764963633
Colombia,COL,2004,55.0,2818.57195413044
Comoros,COM,2004,55.9,1072.28409029621
Costa Rica,CRI,2004,48.4,4431.0117207843
Cyprus,CYP,2004,30.1,23792.619140625
Czechia,CZE,2004,27.5,11782.5546676117
Germany,DEU,2004,30.2,34566.7359143735
Denmark,DNK,2004,24.9,46625.050098011
Dominican Republic,DOM,2004,52.1,2451.69161616569
Ecuador,ECU,2004,53.9,2586.20914663347
"Egypt, Arab Rep.",EGY,2004,31.8,991.255689145253
Spain,ESP,2004,33.3,24925.0267844576
Estonia,EST,2004,33.6,8916.0728274602
Ethiopia,ETH,2004,29.8,133.169812538096
Finland,FIN,2004,27.9,37768.1334202029
France,FRA,2004,30.6,33644.9282220364
United Kingdom,GBR,2004,34.8,40504.4118103928
Georgia,GEO,2004,36.2,1305.04748557208
Greece,GRC,2004,33.6,21449.2552764245
Honduras,HND,2004,58.1,1215.13995412761
Croatia,HRV,2004,29.7,9718.97322801967
Hungary,HUN,2004,29.9,10291.2694721409
Indonesia,IDN,2004,30.4,1126.84004447173
India,IND,2004,27.7,624.258826510066
Ireland,IRL,2004,33.6,47754.2023194244
Iceland,ISL,2004,28.0,47809.6073050042
Israel,ISR,2004,41.5,20568.0694088834
Italy,ITA,2004,34.3,31348.1901841445
Jamaica,JAM,2004,45.5,3807.56293124552
Kazakhstan,KAZ,2004,31.8,2722.47407755402
Kyrgyz Republic,KGZ,2004,34.8,433.233873286
Lithuania,LTU,2004,37.0,6734.57487061946
Luxembourg,LUX,2004,30.2,76544.9170868473
Latvia,LVA,2004,36.4,6109.73265186817
Moldova,MDA,2004,35.0,897.178494749468
Mexico,MEX,2004,50.3,7849.66759649565
North Macedonia,MKD,2004,38.4,2818.5814561242
Mauritania,MRT,2004,40.2,823.554457141893
Malawi,MWI,2004,39.9,404.674248445428
Netherlands,NLD,2004,29.8,40611.3414353091
Norway,NOR,2004,31.6,57768.6980958462
Pakistan,PAK,2004,30.9,771.902247348954
Panama,PAN,2004,54.8,4644.56581177581
Peru,PER,2004,49.9,2397.25147277714
Poland,POL,2004,38.0,6711.72715262967
Portugal,PRT,2004,38.9,18064.1580932987
Paraguay,PRY,2004,52.3,1786.21533938543
West Bank and Gaza,PSE,2004,34.0,1422.19088643544
Romania,ROU,2004,30.0,3494.99056448955
Russian Federation,RUS,2004,40.3,4102.36474609375
El Salvador,SLV,2004,47.8,2285.68907438892
Serbia,SRB,2004,35.5,3597.08798057009
Slovak Republic,SVK,2004,27.1,10650.1290097126
Slovenia,SVN,2004,24.8,17103.8297783905
Sweden,SWE,2004,26.1,42758.0048564929
Thailand,THA,2004,42.5,2641.56268717857
Tajikistan,TJK,2004,33.6,305.745158587502
Turkiye,TUR,2004,41.3,5979.6054216148
Ukraine,UKR,2004,28.9,1401.01806640625
Uruguay,URY,2004,45.9,4168.66065438387
United States,USA,2004,40.5,41724.6316287624
"Venezuela, RB",VEN,2004,47.3,4269.08970872392
Viet Nam,VNM,2004,36.8,565.452284586212
Zambia,ZMB,2004,54.3,548.685974566277
Albania,ALB,2005,30.6,2741.72136549578
Argentina,ARG,2005,47.8,5067.65342293276
Armenia,ARM,2005,36.0,1557.48458908655
Austria,AUT,2005,28.7,38157.37022862
Azerbaijan,AZE,2005,26.6,1578.36733030667
Belgium,BEL,2005,29.3,36809.7013403619
Bangladesh,BGD,2005,33.2,480.08585075452
Belarus,BLR,2005,27.6,3126.07176665248
Bolivia,BOL,2005,58.5,1020.12326200737
Brazil,BRA,2005,56.3,4827.78165890291
Canada,CAN,2005,33.6,36383.6600068095
China,CHN,2005,40.9,1777.64496828464
"Congo, Rep.",COG,2005,47.3,1799.05158366154
Colombia,COL,2005,53.9,3456.06610874512
Costa Rica,CRI,2005,47.5,4703.00721784778
Cyprus,CYP,2005,30.3,24959.26171875
Czechia,CZE,2005,26.9,13442.4916284309
Germany,DEU,2005,31.7,35084.4363546269
Denmark,DNK,2005,25.2,48925.8076698784
Dominican Republic,DOM,2005,50.0,3878.31206735244
Ecuador,ECU,2005,53.1,2909.02606014388
Spain,ESP,2005,32.4,26450.9530130382
Estonia,EST,2005,33.4,10414.6381183565
Finland,FIN,2005,27.6,39049.8703780223
France,FRA,2005,29.8,34696.3718316971
"Micronesia, Fed. Sts.",FSM,2005,42.4,2207.16844533875
Gabon,GAB,2005,42.2,6547.87613955186
United Kingdom,GBR,2005,35.5,42240.2462987547
Georgia,GEO,2005,37.4,1642.78359414797
Ghana,GHA,2005,42.8,478.611909191028
Greece,GRC,2005,34.6,22054.1315756886
Honduras,HND,2005,59.5,1304.70039153826
Hungary,HUN,2005,34.7,11212.2046968994
Indonesia,IDN,2005,29.9,1238.21447629488
Ireland,IRL,2005,33.8,50933.0216095589
"Iran, Islamic Rep.",IRN,2005,43.6,3132.0508192007
Iceland,ISL,2005,29.0,57783.7745608117
Israel,ISR,2005,42.3,21286.8388636595
Italy,ITA,2005,33.8,32062.723833669
Kazakhstan,KAZ,2005,39.8,3577.35804001782
Kenya,KEN,2005,46.4,523.456312433863
Kyrgyz Republic,KGZ,2005,32.6,476.548193640077
Lithuania,LTU,2005,35.3,7857.03148786492
Luxembourg,LUX,2005,30.8,80988.1376230858
Latvia,LVA,2005,39.0,7283.78738127622
Moldova,MDA,2005,36.3,1034.39197746993
Madagascar,MDG,2005,39.9,305.812074924388
Mexico,MEX,2005,50.9,8671.75891885163
North Macedonia,MKD,2005,39.3,3120.98401394233
Montenegro,MNE,2005,30.2,3674.6179242797
Niger,NER,2005,44.4,318.643121918273
Nicaragua,NIC,2005,48.8,1183.30214010175
Netherlands,NLD,2005,29.0,42165.396168388
Norway,NOR,2005,30.6,67047.1704558264
Pakistan,PAK,2005,31.3,827.619861189926
Panama,PAN,2005,53.8,5017.74110414832
Peru,PER,2005,50.4,2706.66947297608
Poland,POL,2005,35.8,8043.92332253757
Portugal,PRT,2005,38.5,18780.12751241
Paraguay,PRY,2005,51.4,1970.87169852378
West Bank and Gaza,PSE,2005,34.7,1543.70141392774
Romania,ROU,2005,29.8,4618.00350802913
Russian Federation,RUS,2005,41.3,5323.455078125
Rwanda,RWA,2005,52.0,324.016863847189
Senegal,SEN,2005,39.2,979.846101520171
Solomon Islands,SLB,2005,46.1,1144.49233397681
El Salvador,SLV,2005,48.5,2447.39140845394
Serbia,SRB,2005,36.5,3807.97417321786
Slovak Republic,SVK,2005,29.3,11641.5410321763
Slovenia,SVN,2005,24.6,17969.7095907161
Sweden,SWE,2005,26.8,43378.4077394363
Tunisia,TUN,2005,37.7,3146.8260743927
Turkiye,TUR,2005,42.6,7331.85429430255
Uganda,UGA,2005,42.9,330.405402707025
Ukraine,UKR,2005,29.0,1875.33508300781
Uruguay,URY,2005,44.7,5284.25677987129
United States,USA,2005,41.3,44123.4070679055
"Venezuela, RB",VEN,2005,49.3,5432.4854184654
"Yemen, Rep.",YEM,2005,34.7,734.159908450927
South Africa,ZAF,2005,64.8,5836.87663325127
Argentina,ARG,2006,46.4,5869.38028970204
Armenia,ARM,2006,29.7,2041.65267068997
Austria,AUT,2006,29.6,40382.2078298575
Burundi,BDI,2006,33.4,161.892755640319
Belgium,BEL,2006,28.1,38705.1067959147
Bulgaria,BGR,2006,35.7,4523.1465578805
Belarus,BLR,2006,28.3,3848.22350300163
Bolivia,BOL,2006,56.7,1202.71150446327
Brazil,BRA,2006,55.6,5934.14561857454
Canada,CAN,2006,34.1,40504.0370977806
Switzerland,CHE,2006,33.9,59011.0324592016
Chile,CHL,2006,47.7,9318.65655296121
Costa Rica,CRI,2006,49.3,5256.59640859159
Cyprus,CYP,2006,31.1,26729.28125
Czechia,CZE,2006,26.7,15259.0788162004
Germany,DEU,2006,31.0,36980.3349948954
Denmark,DNK,2006,25.9,52119.1787984282
Dominican Republic,DOM,2006,52.0,4055.14270347371
Ecuador,ECU,2006,52.3,3243.67010359339
Spain,ESP,2006,33.5,28421.686527407
Estonia,EST,2006,33.7,12641.4800976473
Finland,FIN,2006,28.0,41214.0187765069
France,FRA,2006,29.7,36431.5658906555
United Kingdom,GBR,2006,35.9,44695.161023424
Georgia,GEO,2006,36.9,1996.02013272284
Greece,GRC,2006,35.1,24416.0232970275
Guatemala,GTM,2006,54.5,2225.1234753878
Honduras,HND,2006,57.5,1425.84780051892
Hungary,HUN,2006,28.3,11478.4891640501
Indonesia,IDN,2006,31.5,1558.31562847163
Ireland,IRL,2006,32.7,54329.1618599624
"Iran, Islamic Rep.",IRN,2006,44.8,3618.91601364428
Iraq,IRQ,2006,28.6,2276.55435744086
Iceland,ISL,2006,30.2,58172.1426656622
Israel,ISR,2006,41.6,22527.2619795719
Italy,ITA,2006,33.7,33537.1286994269
Jordan,JOR,2006,33.9,2342.63459574933
Kazakhstan,KAZ,2006,30.2,5030.13494711519
Kyrgyz Republic,KGZ,2006,37.4,543.113512472219
Kiribati,KIR,2006,37.0,1123.19258990684
"Korea, Rep.",KOR,2006,31.7,22609.7059431449
Sri Lanka,LKA,2006,39.7,1388.89739119932
Lithuania,LTU,2006,34.4,9210.10118229413
Luxembourg,LUX,2006,30.9,90788.8004876145
Latvia,LVA,2006,35.6,9211.7374468148
Morocco,MAR,2006,40.7,2438.12646484375
Moldova,MDA,2006,35.4,1183.02481442894
Mexico,MEX,2006,49.7,9512.63575346699
North Macedonia,MKD,2006,42.6,3440.4411057968
Mali,MLI,2006,38.9,586.985415515264
Malta,MLT,2006,28.0,16653.6036929688
Montenegro,MNE,2006,30.0,4418.84951521682
Mauritius,MUS,2006,35.7,5784.22491883026
Malaysia,MYS,2006,44.8,6158.40785533236
Netherlands,NLD,2006,30.0,45123.5432406426
Norway,NOR,2006,26.4,74434.4996835671
Panama,PAN,2006,54.6,5528.76705854901
Peru,PER,2006,50.3,3129.55996496982
Philippines,PHL,2006,47.2,1426.14649179546
Poland,POL,2006,34.7,9068.85528307627
Portugal,PRT,2006,38.1,19839.4540499032
Paraguay,PRY,2006,53.0,2439.43124694576
West Bank and Gaza,PSE,2006,34.0,1570.10439962728
Romania,ROU,2006,39.6,5757.53127301178
Russian Federation,RUS,2006,41.0,6920.19970703125
El Salvador,SLV,2006,45.7,2665.61807194853
Serbia,SRB,2006,29.7,4492.7136699046
Slovak Republic,SVK,2006,25.8,13167.8954730379
Slovenia,SVN,2006,24.4,19563.005059144
Sweden,SWE,2006,26.4,46531.3762240485
Seychelles,SYC,2006,42.8,12782.9938926475
Syrian Arab Republic,SYR,2006,40.1,1718.78347217338
Togo,TGO,2006,42.2,552.50227125256
Thailand,THA,2006,41.8,3331.32043511773
Turkiye,TUR,2006,39.6,7990.08251407245
Ukraine,UKR,2006,29.8,2366.494140625
Uruguay,URY,2006,45.9,6001.33294783172
United States,USA,2006,41.7,46302.0008800056
"Venezuela, RB",VEN,2006,44.7,6739.38065342218
Viet Nam,VNM,2006,35.8,807.756645117054
Zambia,ZMB,2006,54.6,1051.71714895686
Argentina,ARG,2007,46.3,7185.25155147027
Armenia,ARM,2007,31.2,2962.70234594569
Austria,AUT,2007,30.6,46622.9622913635
Belgium,BEL,2007,29.2,44319.165448813
Bulgaria,BGR,2007,36.1,5888.57081403932
Bosnia and Herzegovina,BIH,2007,33.1,3931.48948737505
Belarus,BLR,2007,29.6,4735.48107556066
Bolivia,BOL,2007,54.5,1354.54905949929
Brazil,BRA,2007,54.9,7409.69003822861
Bhutan,BTN,2007,38.1,1850.41570433398
Canada,CAN,2007,33.8,44660.0838892281
Switzerland,CHE,2007,34.3,64989.1553256031
Cameroon,CMR,2007,42.8,1325.67248215933
Cabo Verde,CPV,2007,47.2,3324.57675212498
Costa Rica,CRI,2007,49.3,6137.71199925542
Cyprus,CYP,2007,31.1,31244.87890625
Czechia,CZE,2007,26.0,18452.6532812196
Germany,DEU,2007,31.2,42350.9217211489
Denmark,DNK,2007,26.2,58631.6566433635
Dominican Republic,DOM,2007,48.9,4649.64558875814
Ecuador,ECU,2007,53.4,3478.92488770671
Spain,ESP,2007,34.1,32652.015594702
Estonia,EST,2007,31.2,16745.4308011148
Finland,FIN,2007,28.3,48473.0240091455
France,FRA,2007,32.4,41486.1907828787
United Kingdom,GBR,2007,34.4,50629.0799172887
Georgia,GEO,2007,38.1,2635.36650276116
Guinea,GIN,2007,39.4,650.148575304743
Greece,GRC,2007,34.0,28440.7625328955
Honduras,HND,2007,55.8,1577.73789197407
Hungary,HUN,2007,27.9,13934.605460375
Indonesia,IDN,2007,33.2,1823.21976255073
Ireland,IRL,2007,31.9,61396.417461176
Iceland,ISL,2007,29.5,70483.0117228535
Israel,ISR,2007,41.1,25721.2594077311
Italy,ITA,2007,32.9,37826.1754554823
Kazakhstan,KAZ,2007,30.1,6449.43931096532
Kyrgyz Republic,KGZ,2007,33.9,721.771577544361
Lao PDR,LAO,2007,35.4,697.323013673925
Liberia,LBR,2007,36.4,374.211308104278
Lithuania,LTU,2007,34.8,12295.1212779366
Luxembourg,LUX,2007,31.1,107475.320297978
Latvia,LVA,2007,37.5,13370.9789452508
Moldova,MDA,2007,34.4,1531.21618590748
Malta,MLT,2007,29.2,19444.1741958382
Montenegro,MNE,2007,31.4,5971.84638953467
Mongolia,MNG,2007,35.8,1627.68787743359
Niger,NER,2007,37.3,387.168065883301
Netherlands,NLD,2007,29.6,52100.7996285947
Norway,NOR,2007,27.1,85502.2677087731
Pakistan,PAK,2007,29.7,998.090114197524
Panama,PAN,2007,52.7,6317.8173051466
Peru,PER,2007,50.0,3581.0893081917
Poland,POL,2007,34.0,11272.5293683383
Portugal,PRT,2007,36.8,22811.0564844365
Paraguay,PRY,2007,53.0,3211.93621659546
West Bank and Gaza,PSE,2007,35.6,1664.24571669276
Romania,ROU,2007,37.5,8360.33775916596
Russian Federation,RUS,2007,42.3,9101.2392578125
El Salvador,SLV,2007,45.2,2830.65693770733
Serbia,SRB,2007,28.7,6081.08765700202
Slovak Republic,SVK,2007,24.7,16110.4817265237
Slovenia,SVN,2007,24.4,23725.1596001515
Sweden,SWE,2007,27.1,53568.3057787832
Thailand,THA,2007,39.8,3918.52817434581
Tajikistan,TJK,2007,32.2,516.997210618914
Timor-Leste,TLS,2007,27.8,540.154630518785
Turkiye,TUR,2007,38.4,9766.91734545294
Tanzania,TZA,2007,40.3,543.198303222656
Ukraine,UKR,2007,27.0,3160.32763671875
Uruguay,URY,2007,46.4,7222.05403645877
United States,USA,2007,41.1,48050.2237771135
Angola,AGO,2008,42.7,4578.15526451517
Albania,ALB,2008,30.0,4498.50486763601
Argentina,ARG,2008,45.0,8944.1102657357
Armenia,ARM,2008,29.2,3777.66859313767
Australia,AUS,2008,35.4,49811.2067218988
Austria,AUT,2008,30.4,51581.3982361071
Belgium,BEL,2008,28.4,48303.397956286
Bulgaria,BGR,2008,33.6,7271.30338858025
Belarus,BLR,2008,27.8,6376.17569162063
Bolivia,BOL,2008,50.8,1692.67248455876
Brazil,BRA,2008,54.0,8908.33338467948
Central African Republic,CAF,2008,56.2,437.24827472489
Canada,CAN,2008,33.9,46710.2526864484
Switzerland,CHE,2008,33.8,74175.1927898555
China,CHN,2008,43.0,3523.44302065213
Cote d'Ivoire,CIV,2008,43.2,1583.97066701372
Colombia,COL,2008,55.3,5541.83629665898
Costa Rica,CRI,2008,48.6,6937.24261596055
Cyprus,CYP,2008,31.7,35397.296875
Czechia,CZE,2008,26.3,22774.7045076205
Germany,DEU,2008,30.8,46379.1647953479
Denmark,DNK,2008,25.2,64616.6657583663
Dominican Republic,DOM,2008,48.1,5023.58513403515
Ecuador,ECU,2008,49.8,4194.75750661981
"Egypt, Arab Rep.",EGY,2008,31.1,1896.21594269779
Spain,ESP,2008,34.2,35603.248328071
Estonia,EST,2008,31.9,18205.9064113446
Finland,FIN,2008,27.8,53769.4726240385
Fiji,FJI,2008,40.4,3899.92231512129
France,FRA,2008,33.0,45464.8181385158
United Kingdom,GBR,2008,35.4,47652.4030691881
Georgia,GEO,2008,38.5,3324.7537205015
Greece,GRC,2008,33.6,31695.8331092209
Honduras,HND,2008,55.5,1732.49062702803
Croatia,HRV,2008,33.7,15888.0606949392
Hungary,HUN,2008,27.5,15762.6322515113
Indonesia,IDN,2008,32.6,2124.55483920618
Ireland,IRL,2008,30.9,61353.1065629523
Iceland,ISL,2008,31.8,57489.3399795216
Israel,ISR,2008,41.6,30269.217773489
Italy,ITA,2008,33.8,40828.5795580937
Jordan,JOR,2008,32.6,3241.6524135556
Japan,JPN,2008,34.6,39876.3039685725
Kazakhstan,KAZ,2008,28.5,8123.54705891736
Kyrgyz Republic,KGZ,2008,31.5,966.388569370494
"Korea, Rep.",KOR,2008,32.3,22252.3125108061
Lithuania,LTU,2008,35.7,14955.5345462921
Luxembourg,LUX,2008,32.6,120422.137934157
Latvia,LVA,2008,37.2,15677.6080864506
Moldova,MDA,2008,34.7,2110.55305353857
Mexico,MEX,2008,50.8,10523.7685403244
North Macedonia,MKD,2008,46.1,5026.4202989873
Malta,MLT,2008,29.0,22315.3104212988
Montenegro,MNE,2008,30.5,7359.95118960869
Mozambique,MOZ,2008,45.5,592.159111184122
Mauritania,MRT,2008,35.7,1635.5630623124
Malaysia,MYS,2008,45.5,8371.82156086005
Netherlands,NLD,2008,29.3,58246.7026905874
Norway,NOR,2008,27.0,97503.5407803783
Panama,PAN,2008,52.7,7347.59049046839
Peru,PER,2008,47.5,4197.58444634142
Poland,POL,2008,33.5,14048.5604672654
Portugal,PRT,2008,36.6,24949.0413566739
Paraguay,PRY,2008,50.7,4384.95469437803
Romania,ROU,2008,36.4,10435.1561230787
Russian Federation,RUS,2008,41.6,11635.2841796875
El Salvador,SLV,2008,46.9,2983.24829577976
Serbia,SRB,2008,27.6,7376.73517910716
Slovak Republic,SVK,2008,26.0,18744.3192278346
Slovenia,SVN,2008,23.7,27461.9764165315
Sweden,SWE,2008,28.1,55817.1759726485
Thailand,THA,2008,40.3,4309.13509292986
Turkiye,TUR,2008,39.0,10913.4079047769
Ukraine,UKR,2008,26.6,4017.806640625
Uruguay,URY,2008,45.1,9423.96562595893
United States,USA,2008,41.1,48570.0459804586
Viet Nam,VNM,2008,35.6,1163.83195772873
Samoa,WSM,2008,42.0,3373.60639884263
South Africa,ZAF,2008,63.0,6184.75474328399
Argentina,ARG,2009,43.8,8150.23527028221
Armenia,ARM,2009,28.0,2820.5926553347
Austria,AUT,2009,31.5,47857.4446635266
Belgium,BEL,2009,28.6,44923.3400135081
Burkina Faso,BFA,2009,39.8,601.569520671859
Bulgaria,BGR,2009,33.8,6988.27316296465
Belarus,BLR,2009,27.7,5352.48809190697
Bolivia,BOL,2009,49.2,1731.18172112209
Brazil,BRA,2009,53.7,8678.6584730653
Botswana,BWA,2009,56.9,5082.93388332404
Canada,CAN,2009,34.0,40874.8831932903
Switzerland,CHE,2009,32.9,71568.3123885672
Chile,CHL,2009,47.4,10098.8017167286
Colombia,COL,2009,54.3,5250.97292433518
Costa Rica,CRI,2009,50.6,6832.69829924138
Cyprus,CYP,2009,32.1,32236.44921875
Czechia,CZE,2009,26.2,19817.4215836554
Germany,DEU,2009,30.5,42471.8868625226
Denmark,DNK,2009,26.7,58412.7472358513
Dominican Republic,DOM,2009,48.9,4973.95186999952
Ecuador,ECU,2009,48.5,4053.36331139298
Spain,ESP,2009,34.9,32279.8208476151
Estonia,EST,2009,31.4,14712.4494217916
Finland,FIN,2009,27.5,47478.3495310999
France,FRA,2009,32.7,41728.0884164132
United Kingdom,GBR,2009,35.1,39009.3715547821
Georgia,GEO,2009,38.2,2822.68939668797
Greece,GRC,2009,33.6,29425.4573200263
Honduras,HND,2009,51.3,1781.15703614674
Croatia,HRV,2009,32.6,14474.6519774194
Hungary,HUN,2009,27.0,13051.1831777184
Indonesia,IDN,2009,33.4,2218.48541852977
India,IND,2009,27.8,1094.94974598436
Ireland,IRL,2009,32.7,52133.0906162544
"Iran, Islamic Rep.",IRN,2009,42.1,5415.52280553446
Iceland,ISL,2009,28.7,41483.7843682814
Israel,ISR,2009,42.6,28508.4938886475
Italy,ITA,2009,33.8,37099.6133958219
Japan,JPN,2009,33.0,41308.9968370512
Kazakhstan,KAZ,2009,28.2,6938.01175663001
Kyrgyz Republic,KGZ,2009,29.9,870.198894546917
Sri Lanka,LKA,2009,36.1,2026.65939950702
Lithuania,LTU,2009,37.2,11854.3711053096
Luxembourg,LUX,2009,31.2,109419.746953106
Latvia,LVA,2009,35.9,11996.0322729773
Moldova,MDA,2009,32.9,1898.43975710988
Maldives,MDV,2009,38.4,6734.03165601895
North Macedonia,MKD,2009,42.8,4799.78722768888
Mali,MLI,2009,33.0,787.482564287398
Malta,MLT,2009,30.2,21176.3218262672
Montenegro,MNE,2009,31.0,6700.11405052395
Namibia,NAM,2009,61.0,4302.91374148376
Nicaragua,NIC,2009,43.9,1467.08288052845
Netherlands,NLD,2009,27.9,53172.0261581418
Norway,NOR,2009,26.2,80347.5700665184
Panama,PAN,2009,51.8,7796.92618363433
Peru,PER,2009,47.0,4181.18755462253
Philippines,PHL,2009,46.3,1864.45043406471
Papua New Guinea,PNG,2009,41.9,1568.83193368607
Poland,POL,2009,33.4,11556.3026866026
Portugal,PRT,2009,34.9,23151.2154130712
Paraguay,PRY,2009,49.1,3941.84815479431
West Bank and Gaza,PSE,2009,34.5,2191.78178736868
Romania,ROU,2009,35.6,8548.4543409242
Russian Federation,RUS,2009,39.8,8562.82421875
Sudan,SDN,2009,35.4,1178.22180175781
El Salvador,SLV,2009,45.8,2910.18651752011
Serbia,SRB,2009,28.0,6414.0448463847
South Sudan,SSD,2009,46.3,1323.22068747862
Slovak Republic,SVK,2009,27.2,16586.7527805228
Slovenia,SVN,2009,24.8,24501.7897290425
Sweden,SWE,2009,27.3,46707.6425044751
Eswatini,SWZ,2009,51.4,3189.79679956637
Syrian Arab Republic,SYR,2009,40.4,2462.20193643202
Thailand,THA,2009,39.6,4135.43986952819
Tajikistan,TJK,2009,30.8,664.795655734657
Tonga,TON,2009,37.5,2914.23774004564
Turkiye,TUR,2009,39.0,9076.92472236977
Uganda,UGA,2009,44.2,798.947089938247
Ukraine,UKR,2009,25.3,2607.08764648438
Uruguay,URY,2009,45.5,9881.39573127081
United States,USA,2009,40.8,47194.9433547336
Kosovo,XKX,2009,31.8,2794.86699473069
Argentina,ARG,2010,43.7,10260.1313108254
Armenia,ARM,2010,30.0,3041.34450723339
Australia,AUS,2010,34.7,52313.8939041213
Austria,AUT,2010,30.3,46611.1393420232
Belgium,BEL,2010,28.4,44197.393671162
Bangladesh,BGD,2010,32.1,757.385280361508
Bulgaria,BGR,2010,35.7,6853.94805511171
Belarus,BLR,2010,28.6,6034.67885177216
Canada,CAN,2010,33.6,47560.6666009406
Switzerland,CHE,2010,32.6,76531.3729407691
China,CHN,2010,43.7,4629.24551710077
Colombia,COL,2010,54.6,6398.2958447102
Costa Rica,CRI,2010,48.0,8265.78820275582
Cyprus,CYP,2010,31.5,31105.02734375
Czechia,CZE,2010,26.6,20160.4355077059
Germany,DEU,2010,30.2,42396.9665976293
Denmark,DNK,2010,27.2,58104.5445594981
Dominican Republic,DOM,2010,47.3,5478.62470398954
Ecuador,ECU,2010,48.8,4520.30959039763
"Egypt, Arab Rep.",EGY,2010,30.2,2455.08194645282
Spain,ESP,2010,35.2,30658.7422282912
Estonia,EST,2010,32.0,14663.7041018705
Ethiopia,ETH,2010,33.2,330.619412798644
Finland,FIN,2010,27.7,46506.2919016566
France,FRA,2010,33.7,40694.8211697025
United Kingdom,GBR,2010,33.7,39778.3220528565
Georgia,GEO,2010,39.5,3281.72930937343
"Gambia, The",GMB,2010,43.6,801.033372714536
Guinea-Bissau,GNB,2010,50.6,600.194298540768
Greece,GRC,2010,34.1,26653.0488008626
Honduras,HND,2010,53.1,1893.32722662035
Croatia,HRV,2010,32.4,13729.7654965022
Hungary,HUN,2010,29.4,13189.8433874768
Indonesia,IDN,2010,34.6,3065.68348377765
Ireland,IRL,2010,32.3,48623.9666422487
Iceland,ISL,2010,26.2,43776.4677400475
Israel,ISR,2010,42.6,31439.0887027614
Italy,ITA,2010,34.7,35856.8625485539
Jordan,JOR,2010,33.7,3718.46571622945
Japan,JPN,2010,31.5,44968.1562349739
Kazakhstan,KAZ,2010,28.0,8793.07589980782
Kyrgyz Republic,KGZ,2010,30.1,876.954476440354
"Korea, Rep.",KOR,2010,32.0,24071.2620526362
Lithuania,LTU,2010,33.6,11829.122609457
Luxembourg,LUX,2010,30.5,110885.991378721
Latvia,LVA,2010,35.0,11188.4191700977
Moldova,MDA,2010,32.1,2436.79935102421
Madagascar,MDG,2010,42.4,450.009391645726
Mexico,MEX,2010,47.7,9728.80078377082
North Macedonia,MKD,2010,40.1,4833.36586759968
Malta,MLT,2010,29.0,21946.6069636029
Montenegro,MNE,2010,28.9,6678.63930800758
Mongolia,MNG,2010,33.1,2625.21881402433
Malawi,MWI,2010,45.5,683.124694716799
Nigeria,NGA,2010,35.7,2202.25672957344
Netherlands,NLD,2010,27.8,51305.7338533973
Norway,NOR,2010,25.7,88163.2085931423
Nepal,NPL,2010,32.8,585.278491984574
Pakistan,PAK,2010,28.8,987.304571124485
Panama,PAN,2010,51.6,8331.46422259967
Peru,PER,2010,45.5,5072.11494019615
Poland,POL,2010,33.2,12567.7317676382
Portugal,PRT,2010,35.8,22551.935098809
Paraguay,PRY,2010,51.0,4750.96273669458
West Bank and Gaza,PSE,2010,35.3,2557.07562356699
Romania,ROU,2010,35.5,8399.5374234284
Russian Federation,RUS,2010,39.5,10674.990234375
Rwanda,RWA,2010,47.2,593.624927744346
El Salvador,SLV,2010,43.5,3040.07300952878
Serbia,SRB,2010,29.0,5970.92660940072
Sao Tome and Principe,STP,2010,30.8,1045.20958234528
Slovak Republic,SVK,2010,27.3,16899.448680529
Slovenia,SVN,2010,24.9,23329.8417691156
Sweden,SWE,2010,27.7,52542.5759090299
Thailand,THA,2010,39.4,4973.86288823778
Tunisia,TUN,2010,38.5,4291.86120891575
Turkiye,TUR,2010,38.8,10698.9699409757
Tuvalu,TUV,2010,39.1,3024.8170790571
Ukraine,UKR,2010,24.8,3039.63232421875
Uruguay,URY,2010,44.5,12641.0576849008
United States,USA,2010,40.2,48642.6100179312
Viet Nam,VNM,2010,39.3,1683.16182443979
Vanuatu,VUT,2010,37.4,2815.18828985779
Kosovo,XKX,2010,33.3,2987.54519574464
South Africa,ZAF,2010,63.4,7973.47195771517
Zambia,ZMB,2010,52.0,1451.10616017155
Argentina,ARG,2011,42.7,12704.2831819684
Armenia,ARM,2011,29.4,3349.55309771906
Austria,AUT,2011,30.8,51116.8953522042
Belgium,BEL,2011,28.1,47760.8298776546
Benin,BEN,2011,43.4,1059.41358852588
Bulgaria,BGR,2011,34.3,7849.58061302818
Bosnia and Herzegovina,BIH,2011,33.0,4982.69375768263
Belarus,BLR,2011,27.2,6527.6593428786
Bolivia,BOL,2011,46.1,2315.52121930607
Brazil,BRA,2011,52.9,13396.6263158041
Canada,CAN,2011,32.7,52223.8588398531
Switzerland,CHE,2011,31.7,90476.7589651577
Chile,CHL,2011,46.9,14487.3927832032
China,CHN,2011,42.4,5703.76027973346
"Congo, Rep.",COG,2011,48.9,3396.16505817952
Colombia,COL,2011,53.5,7400.9940695669
Costa Rica,CRI,2011,48.8,9276.39107511347
Cyprus,CYP,2011,32.6,32485.798828125
Czechia,CZE,2011,26.4,22049.1080788682
Germany,DEU,2011,30.6,47630.9761883572
Denmark,DNK,2011,27.3,61809.737898222
Dominican Republic,DOM,2011,47.7,5826.51014109195
Algeria,DZA,2011,27.6,5916.31364364343
Ecuador,ECU,2011,45.9,5153.6916424375
Spain,ESP,2011,35.7,31824.6219134777
Estonia,EST,2011,32.5,17555.5455239426
Finland,FIN,2011,27.6,51060.3242589767
France,FRA,2011,33.3,43929.7840873812
United Kingdom,GBR,2011,33.2,42295.9273835322
Georgia,GEO,2011,39.6,4119.66818307193
Greece,GRC,2011,34.8,25504.7866510124
Honduras,HND,2011,52.6,2073.66121088074
Croatia,HRV,2011,32.3,14691.558296292
Hungary,HUN,2011,29.2,14211.460557822
Indonesia,IDN,2011,37.9,3579.46442466152
India,IND,2011,28.8,1445.46127486037
Ireland,IRL,2011,32.9,52613.8540355689
"Iran, Islamic Rep.",IRN,2011,34.7,8025.68743364356
Iceland,ISL,2011,26.8,48254.953927254
Israel,ISR,2011,41.4,34522.5215979073
Italy,ITA,2011,35.1,38432.3742820019
Japan,JPN,2011,33.0,48760.0789494211
Kazakhstan,KAZ,2011,28.0,11287.1464926039
Kyrgyz Republic,KGZ,2011,27.8,1117.40174350185
Lebanon,LBN,2011,31.8,7834.96257108993
Lithuania,LTU,2011,32.5,14261.8433787325
Luxembourg,LUX,2011,32.1,119025.057203467
Latvia,LVA,2011,35.8,12902.574053337
Moldova,MDA,2011,30.6,2941.36224066021
North Macedonia,MKD,2011,39.4,5416.86672931659
Malta,MLT,2011,29.1,23516.9691234302
Montenegro,MNE,2011,30.8,7265.51668681954
Mongolia,MNG,2011,33.9,3736.04201455077
Malaysia,MYS,2011,43.9,10217.1068585031
Niger,NER,2011,31.5,510.75956176268
Netherlands,NLD,2011,27.8,54701.7728030611
Norway,NOR,2011,25.3,101221.813476644
Pakistan,PAK,2011,29.7,1131.73513834324
Panama,PAN,2011,51.3,9662.29590911979
Peru,PER,2011,44.7,5861.35793645245
Poland,POL,2011,33.2,13867.6669408192
Portugal,PRT,2011,36.3,23246.5425416481
Paraguay,PRY,2011,52.3,5805.40154542925
West Bank and Gaza,PSE,2011,34.4,2880.79843707909
Romania,ROU,2011,35.9,9560.6755277458
Russian Federation,RUS,2011,39.7,14305.33203125
Senegal,SEN,2011,40.3,1374.67591873844
Sierra Leone,SLE,2011,34.0,761.146365577281
El Salvador,SLV,2011,42.3,3330.60049486653
Slovak Republic,SVK,2011,26.5,18469.4354316836
Slovenia,SVN,2011,24.9,24940.6284841605
Sweden,SWE,2011,27.6,60379.4814599322
Chad,TCD,2011,43.3,1308.1421872538
Togo,TGO,2011,46.0,783.988944671672
Thailand,THA,2011,37.5,5373.6232832898
Turkiye,TUR,2011,40.0,11373.6355760885
Tanzania,TZA,2011,37.8,775.392761230469
Ukraine,UKR,2011,24.6,3656.69799804688
Uruguay,URY,2011,42.2,15132.2675725587
United States,USA,2011,41.2,50024.868799398
Kosovo,XKX,2011,27.8,3538.94759838576
Zimbabwe,ZWE,2011,43.2,1037.77565157218
Albania,ALB,2012,29.0,4280.93316338873
Argentina,ARG,2012,41.4,12949.717486654
Armenia,ARM,2012,29.6,3511.56399687426
Austria,AUT,2012,30.5,48250.4059142637
Belgium,BEL,2012,27.5,44874.1709182123
Bulgaria,BGR,2012,36.0,7431.95789508871
Belarus,BLR,2012,26.5,6953.21591683101
Bolivia,BOL,2012,46.6,2575.59857098084
Brazil,BRA,2012,53.4,12521.7238454434
Bhutan,BTN,2012,38.8,2751.2128864294
Canada,CAN,2012,33.5,52670.3447335415
Switzerland,CHE,2012,31.6,85836.2076767359
China,CHN,2012,42.2,6405.0574241349
"Congo, Dem. Rep.",COD,2012,42.1,409.931424783784
Colombia,COL,2012,52.6,8108.59838244229
Costa Rica,CRI,2012,48.4,10126.9991024177
Cyprus,CYP,2012,34.3,28991.935546875
Czechia,CZE,2012,26.1,20014.0354015165
Germany,DEU,2012,31.1,44718.0159214069
Djibouti,DJI,2012,45.1,1400.19357858954
Denmark,DNK,2012,27.8,58443.7747103968
Dominican Republic,DOM,2012,46.1,6013.81965002603
Ecuador,ECU,2012,46.1,5634.08393191094
"Egypt, Arab Rep.",EGY,2012,28.3,2996.0677072015
Spain,ESP,2012,35.4,28456.4438151477
Estonia,EST,2012,32.9,17568.2137969714
Finland,FIN,2012,27.1,47551.6740841369
France,FRA,2012,33.1,40863.5814412333
United Kingdom,GBR,2012,33.1,42688.3263728372
Georgia,GEO,2012,39.0,4530.69533409431
Ghana,GHA,2012,42.4,1543.77524235764
Guinea,GIN,2012,33.7,699.353377212197
Greece,GRC,2012,36.3,21624.346052551
Honduras,HND,2012,53.4,2126.03474686503
Croatia,HRV,2012,32.5,13507.7805260991
Haiti,HTI,2012,41.1,1361.39396587374
Hungary,HUN,2012,30.8,12950.1594488143
Indonesia,IDN,2012,37.1,3632.27254030331
Ireland,IRL,2012,33.2,49335.8408099555
"Iran, Islamic Rep.",IRN,2012,34.4,8114.08099831877
Iraq,IRQ,2012,29.5,6477.59618450955
Iceland,ISL,2012,26.8,46594.9869146614
Israel,ISR,2012,41.3,33321.4300881602
Italy,ITA,2012,35.2,34854.3949441965
Japan,JPN,2012,32.5,49145.2804308193
Kazakhstan,KAZ,2012,28.2,12018.7966527993
Kyrgyz Republic,KGZ,2012,27.4,1168.62244675446
"Korea, Rep.",KOR,2012,31.6,26600.5477433903
Lao PDR,LAO,2012,36.0,1563.5650771337
Sri Lanka,LKA,2012,38.7,3327.77613691283
Lithuania,LTU,2012,35.1,14288.1853493139
Luxembourg,LUX,2012,34.3,112584.676270958
Latvia,LVA,2012,35.2,13329.3499931271
Moldova,MDA,2012,29.2,3044.8084324815
Madagascar,MDG,2012,42.6,493.511162904211
Mexico,MEX,2012,49.6,10744.1335242686
North Macedonia,MKD,2012,38.1,5049.8265386157
Malta,MLT,2012,29.4,22878.3130866521
Montenegro,MNE,2012,41.2,6552.48071710904
Mongolia,MNG,2012,33.8,4328.89001905655
Mauritius,MUS,2012,38.5,9421.52514098225
Nigeria,NGA,2012,35.5,2633.19734671361
Netherlands,NLD,2012,27.6,50473.9442002689
Norway,NOR,2012,25.7,102175.919298374
Nauru,NRU,2012,32.4,9842.77032731856
Panama,PAN,2012,51.7,11064.8063662003
Peru,PER,2012,44.4,6519.37852981527
Philippines,PHL,2012,46.5,2614.61644401308
Poland,POL,2012,33.0,13087.420943321
Portugal,PRT,2012,36.0,20593.4274224109
Paraguay,PRY,2012,47.6,5642.16991672846
Romania,ROU,2012,36.5,8929.95366231474
Russian Federation,RUS,2012,40.7,15401.8515625
Solomon Islands,SLB,2012,37.1,2066.25738638356
El Salvador,SLV,2012,41.8,3497.91256915509
Serbia,SRB,2012,39.9,6263.04086072815
Slovak Republic,SVK,2012,26.1,17516.9691054078
Slovenia,SVN,2012,25.6,22442.1417859955
Sweden,SWE,2012,27.6,57749.5615420853
Thailand,THA,2012,39.3,5725.52802835463
Turkiye,TUR,2012,40.2,11776.7593362033
Uganda,UGA,2012,41.0,795.222867553127
Ukraine,UKR,2012,24.7,3951.34228515625
Uruguay,URY,2012,39.9,16259.5940814256
United States,USA,2012,41.2,51708.4011556577
Viet Nam,VNM,2012,35.6,2185.11767654291
Kosovo,XKX,2012,29.0,3410.65550749316
United Arab Emirates,ARE,2013,32.5,53247.2409495441
Argentina,ARG,2013,41.1,12963.675773326
Armenia,ARM,2013,30.6,3680.16692158886
Austria,AUT,2013,30.8,50305.3545774973
Burundi,BDI,2013,38.6,234.844770150871
Belgium,BEL,2013,27.7,46964.5946777056
Bulgaria,BGR,2013,36.6,7795.98092108928
Belarus,BLR,2013,26.6,7998.0802045456
Bolivia,BOL,2013,47.6,2870.02377000756
Brazil,BRA,2013,52.7,12458.8903396625
Canada,CAN,2013,33.8,52638.1187235237
Switzerland,CHE,2013,32.5,87304.3305813557
Chile,CHL,2013,46.8,15683.5486369155
China,CHN,2013,39.7,7147.03518622344
Colombia,COL,2013,52.6,8279.10255642981
Costa Rica,CRI,2013,49.2,10803.2401962173
Cyprus,CYP,2013,37.0,27764.73046875
Czechia,CZE,2013,26.5,20260.4954999375
Germany,DEU,2013,31.5,47206.8353514242
Djibouti,DJI,2013,44.1,2075.94498424748
Denmark,DNK,2013,28.5,61377.5940590412
Dominican Republic,DOM,2013,47.7,6136.59429329301
Ecuador,ECU,2013,46.9,6109.29031510341
Spain,ESP,2013,36.2,29228.846559842
Estonia,EST,2013,35.1,19310.3874900757
Finland,FIN,2013,27.2,49691.0145200739
Fiji,FJI,2013,36.7,4572.44377544245
France,FRA,2013,32.5,42669.1795111893
"Micronesia, Fed. Sts.",FSM,2013,40.1,2893.13437410825
United Kingdom,GBR,2013,32.7,43606.9837896348
Georgia,GEO,2013,38.6,4712.00229382665
Greece,GRC,2013,36.1,21573.3449762805
Honduras,HND,2013,50.0,2081.12843527945
Croatia,HRV,2013,32.0,14134.9474982889
Hungary,HUN,2013,31.5,13739.4620151401
Indonesia,IDN,2013,38.9,3566.60284506078
Ireland,IRL,2013,33.5,52537.6108648692
"Iran, Islamic Rep.",IRN,2013,34.0,6222.74194840326
Iceland,ISL,2013,25.4,50173.3360061057
Israel,ISR,2013,39.9,37034.3161080785
Italy,ITA,2013,34.9,35701.6746002376
Japan,JPN,2013,31.5,40898.6478964744
Kazakhstan,KAZ,2013,27.1,13478.459627612
Kyrgyz Republic,KGZ,2013,28.8,1269.66303464348
Lithuania,LTU,2013,35.3,15636.5252586048
Luxembourg,LUX,2013,32.0,120000.140729859
Latvia,LVA,2013,35.5,14484.4715282132
Morocco,MAR,2013,39.5,3379.7431640625
Moldova,MDA,2013,28.5,3321.04397795719
North Macedonia,MKD,2013,36.2,5626.26115664893
Malta,MLT,2013,28.8,25415.5566867731
Montenegro,MNE,2013,39.0,7102.77882895852
Malaysia,MYS,2013,41.3,10713.6407638899
Netherlands,NLD,2013,28.1,52602.2860520766
Norway,NOR,2013,26.4,103553.840134417
Pakistan,PAK,2013,29.5,1225.4340119198
Panama,PAN,2013,51.5,12273.3224983788
Peru,PER,2013,43.9,6746.80025696601
Poland,POL,2013,33.1,13621.9023794031
Portugal,PRT,2013,36.2,21676.4859642714
Paraguay,PRY,2013,47.9,6435.68342733004
Romania,ROU,2013,36.9,9497.67411615237
Russian Federation,RUS,2013,40.9,15941.4482421875
Rwanda,RWA,2013,45.1,704.92421851123
El Salvador,SLV,2013,43.4,3582.26694005169
Serbia,SRB,2013,39.4,7040.41812068781
Slovak Republic,SVK,2013,28.1,18312.7805149823
Slovenia,SVN,2013,26.2,23236.9655321695
Sweden,SWE,2013,28.8,60843.9888799369
Seychelles,SYC,2013,46.8,14821.2921476077
Thailand,THA,2013,37.8,6018.08244729255
Turkiye,TUR,2013,40.2,12635.5570016068
Ukraine,UKR,2013,24.6,4129.89697265625
Uruguay,URY,2013,40.5,18335.2594772322
United States,USA,2013,40.9,53179.0127634561
Samoa,WSM,2013,38.7,4023.5254013825
Kosovo,XKX,2013,26.3,3704.55872781672
Albania,ALB,2014,34.6,4793.59751131525
Argentina,ARG,2014,41.8,12233.1444119186
Armenia,ARM,2014,31.5,3852.11800610384
Australia,AUS,2014,34.4,62817.2061751737
Austria,AUT,2014,30.5,51314.9722616322
Belgium,BEL,2014,28.1,47995.7786961339
Burkina Faso,BFA,2014,35.3,764.861675106225
Bulgaria,BGR,2014,37.4,8069.60005667684
Belarus,BLR,2014,27.2,8341.31809294883
Bolivia,BOL,2014,47.8,3041.43503162408
Brazil,BRA,2014,52.0,12274.9941630213
Canada,CAN,2014,33.2,50960.8431174661
Switzerland,CHE,2014,32.5,88724.9909402638
China,CHN,2014,39.2,7781.06597484974
Cameroon,CMR,2014,46.6,1649.4433905949
Colombia,COL,2014,52.5,8187.20824890084
Comoros,COM,2014,45.3,1615.71723662012
Costa Rica,CRI,2014,48.6,10911.497878334
Cyprus,CYP,2014,35.6,26993.103515625
Czechia,CZE,2014,25.9,20038.4163180257
Germany,DEU,2014,30.8,48959.5991203133
Denmark,DNK,2014,28.4,62520.4509747011
Dominican Republic,DOM,2014,44.3,6496.45166971142
Ecuador,ECU,2014,45.0,6405.79979300441
Spain,ESP,2014,36.1,29707.765509467
Estonia,EST,2014,34.6,20581.7898991695
Finland,FIN,2014,26.8,50073.7760815871
France,FRA,2014,32.3,43148.0459288416
United Kingdom,GBR,2014,33.1,47746.2421759562
Georgia,GEO,2014,37.6,4830.33486170249
Greece,GRC,2014,35.8,21474.7257123892
Guatemala,GTM,2014,48.3,3689.14510410202
Honduras,HND,2014,49.9,2179.88171977271
Croatia,HRV,2014,32.1,14186.7295493276
Hungary,HUN,2014,30.9,14352.501883174
Indonesia,IDN,2014,38.8,3441.06808464008
Ireland,IRL,2014,31.9,57214.5379785709
"Iran, Islamic Rep.",IRN,2014,34.8,5672.06372896319
Iceland,ISL,2014,27.8,55140.364935793
Israel,ISR,2014,39.8,38343.3046626235
Italy,ITA,2014,34.7,36028.3494022349
Japan,JPN,2014,31.3,38475.3952461838
Kazakhstan,KAZ,2014,27.0,12427.7094576939
Kyrgyz Republic,KGZ,2014,26.8,1264.52668823891
"Korea, Rep.",KOR,2014,31.2,30667.0912467447
Liberia,LBR,2014,33.2,706.714490064507
Lithuania,LTU,2014,37.7,16446.1647181663
Luxembourg,LUX,2014,31.2,123678.702143275
Latvia,LVA,2014,35.1,15185.814581236
Moldova,MDA,2014,26.8,3289.95758568777
Mexico,MEX,2014,48.9,11391.3773497683
North Macedonia,MKD,2014,35.2,5925.38592218015
Malta,MLT,2014,29.0,27424.5765646694
Montenegro,MNE,2014,38.8,7342.17339453427
Mongolia,MNG,2014,32.0,4126.23975800524
Mozambique,MOZ,2014,54.0,697.142680444123
Mauritania,MRT,2014,32.6,1713.00865264234
Niger,NER,2014,34.3,565.30989731175
Nicaragua,NIC,2014,46.2,1958.37047579547
Netherlands,NLD,2014,28.6,53457.2234864322
Norway,NOR,2014,26.8,97666.6951838749
Panama,PAN,2014,50.5,13213.1989591137
Peru,PER,2014,43.1,6667.13410360861
Poland,POL,2014,32.8,14262.2841914116
Portugal,PRT,2014,35.6,22120.6850127107
Paraguay,PRY,2014,50.7,6652.25478942461
Romania,ROU,2014,36.0,10031.7710755404
Russian Federation,RUS,2014,36.9,14055.47265625
Sudan,SDN,2014,34.2,1275.43835449219
El Salvador,SLV,2014,41.6,3666.01248913873
Serbia,SRB,2014,40.4,6886.67809068704
Slovak Republic,SVK,2014,26.1,18770.9289896545
Slovenia,SVN,2014,25.7,24013.0682060959
Sweden,SWE,2014,28.4,59583.4584491714
Thailand,THA,2014,37.0,5801.1978916205
Timor-Leste,TLS,2014,28.7,1224.74956308733
Turkiye,TUR,2014,41.2,12209.3862327674
Ukraine,UKR,2014,24.0,3054.908203125
Uruguay,URY,2014,40.1,18322.4276767157
United States,USA,2014,41.7,54973.4207515712
Viet Nam,VNM,2014,34.8,2546.38464459903
Kosovo,XKX,2014,27.3,3902.49424360946
"Yemen, Rep.",YEM,2014,36.7,1430.16420964026
South Africa,ZAF,2014,63.0,6856.73137092522
Albania,ALB,2015,32.8,4199.53912925398
Armenia,ARM,2015,32.4,3512.39350276709
Austria,AUT,2015,30.5,43915.228020857
Belgium,BEL,2015,27.7,40893.804537772
Benin,BEN,2015,47.6,1002.41886879614
Bulgaria,BGR,2015,38.6,7268.65445473873
Belarus,BLR,2015,25.6,5967.05595058777
Bolivia,BOL,2015,46.7,2996.01289811344
Brazil,BRA,2015,51.9,8936.1955889444
Botswana,BWA,2015,54.9,6141.20394726616
Canada,CAN,2015,33.7,43594.1941045394
Switzerland,CHE,2015,32.3,83806.4476003837
Chile,CHL,2015,45.3,13433.9202987032
China,CHN,2015,38.6,8175.33285077393
Cote d'Ivoire,CIV,2015,41.5,1814.71855088017
Colombia,COL,2015,51.0,6248.51490534512
Cabo Verde,CPV,2015,42.4,3415.06266730931
Costa Rica,CRI,2015,48.4,11714.7105980732
Cyprus,CYP,2015,34.0,23088.44140625
Czechia,CZE,2015,25.9,17931.5987670768
Germany,DEU,2015,31.7,41929.7549110722
Denmark,DNK,2015,28.2,53094.0133607574
Dominican Republic,DOM,2015,45.2,6800.95309395474
Ecuador,ECU,2015,46.0,5976.1596805651
"Egypt, Arab Rep.",EGY,2015,31.8,3306.98159414141
Spain,ESP,2015,36.2,25982.4416197775
Estonia,EST,2015,32.7,17722.1557669523
Ethiopia,ETH,2015,35.0,597.912113218663
Finland,FIN,2015,27.1,42560.3456767103
France,FRA,2015,32.7,36702.4323733379
United Kingdom,GBR,2015,33.3,45255.3449216209
Georgia,GEO,2015,36.5,4086.6223465965
"Gambia, The",GMB,2015,35.9,619.536364296461
Greece,GRC,2015,36.0,17980.7298238137
Honduras,HND,2015,49.2,2271.20265980349
Croatia,HRV,2015,31.1,12283.7840620053
Hungary,HUN,2015,30.4,12782.9412577973
Indonesia,IDN,2015,38.2,3288.22269725538
Ireland,IRL,2015,31.8,64250.1385181257
"Iran, Islamic Rep.",IRN,2015,35.3,4952.73355532178
Iceland,ISL,2015,26.8,53505.6964079339
Israel,ISR,2015,39.7,36213.1041481958
Italy,ITA,2015,35.4,30639.8829751432
Japan,JPN,2015,30.7,34960.6393843385
Kazakhstan,KAZ,2015,26.8,10196.1226255982
Kenya,KEN,2015,40.8,1489.11959777284
Kyrgyz Republic,KGZ,2015,29.0,1105.65193844261
St. Lucia,LCA,2015,43.7,10334.9860823918
Lithuania,LTU,2015,37.4,14269.8039878287
Luxembourg,LUX,2015,32.9,105462.012584423
Latvia,LVA,2015,34.2,13321.9753140616
Moldova,MDA,2015,27.0,2749.55137054338
North Macedonia,MKD,2015,35.6,5262.68671928674
Malta,MLT,2015,29.4,25529.6813337717
Myanmar,MMR,2015,38.1,1166.73305547935
Montenegro,MNE,2015,39.0,6421.00307345999
Malaysia,MYS,2015,41.1,9648.6797937523
Namibia,NAM,2015,59.1,4774.10650865775
Nigeria,NGA,2015,35.9,2585.73360671797
Netherlands,NLD,2015,28.2,45793.8135434697
Norway,NOR,2015,27.5,74809.9658049898
Pakistan,PAK,2015,31.3,1380.47020838317
Panama,PAN,2015,50.8,14082.6548434996
Peru,PER,2015,43.4,6231.71150338894
Philippines,PHL,2015,44.6,2909.85818010301
Poland,POL,2015,31.8,12637.5220324406
Portugal,PRT,2015,35.5,19215.7813014347
Paraguay,PRY,2015,47.6,5879.33792308762
Romania,ROU,2015,35.9,8977.01748158196
Russian Federation,RUS,2015,36.5,9277.7138671875
El Salvador,SLV,2015,40.6,3790.34089108162
Serbia,SRB,2015,40.5,5820.3215576888
Slovak Republic,SVK,2015,26.5,16442.0760860018
Slovenia,SVN,2015,25.4,20697.2748530619
Sweden,SWE,2015,29.2,51188.1652120493
Togo,TGO,2015,43.0,751.051987587248
Thailand,THA,2015,36.0,5688.85335397884
Tajikistan,TJK,2015,34.0,956.916310930656
Tonga,TON,2015,33.5,4123.90323993332
Tunisia,TUN,2015,32.8,4014.94773686432
Turkiye,TUR,2015,42.9,11064.6494504662
Ukraine,UKR,2015,25.5,2094.47387695313
Uruguay,URY,2015,40.1,17125.9016800298
United States,USA,2015,41.5,56572.9188996063
Kosovo,XKX,2015,26.5,3520.62850699375
Zambia,ZMB,2015,55.8,1295.87788680068
Albania,ALB,2016,33.7,4457.63412207495
Argentina,ARG,2016,42.3,12699.9623137756
Armenia,ARM,2016,32.5,3524.42476874707
Australia,AUS,2016,33.7,50084.4440606385
Austria,AUT,2016,30.8,45061.4993920192
Belgium,BEL,2016,27.6,41854.5498296444
Bangladesh,BGD,2016,32.4,1649.28380858601
Bulgaria,BGR,2016,40.6,7822.49923292968
Belarus,BLR,2016,25.3,5039.77560949445
Bolivia,BOL,2016,45.2,3035.87347732132
Brazil,BRA,2016,53.4,8836.28546025694
Barbados,BRB,2016,34.1,20295.5672072046
Canada,CAN,2016,32.7,42314.0615817218
Switzerland,CHE,2016,33.0,82153.0745447889
China,CHN,2016,38.5,8254.86859320357
Colombia,COL,2016,50.6,5959.84250367574
Costa Rica,CRI,2016,48.7,12091.0301606154
Cyprus,CYP,2016,32.9,24280.056640625
Czechia,CZE,2016,25.4,18753.9686718096
Germany,DEU,2016,31.4,42948.9381932694
Denmark,DNK,2016,28.2,54500.9260410217
Dominican Republic,DOM,2016,45.7,7160.44200982307
Ecuador,ECU,2016,45.0,5917.63771271481
Spain,ESP,2016,35.8,26755.6061149398
Estonia,EST,2016,31.2,18666.3736521706
Finland,FIN,2016,27.1,43451.2562442158
France,FRA,2016,31.9,37024.2157133669
United Kingdom,GBR,2016,33.1,41257.9085545556
Georgia,GEO,2016,36.6,4143.40125686315
Ghana,GHA,2016,43.5,1912.47991339951
Greece,GRC,2016,35.0,17919.2426377048
Honduras,HND,2016,49.8,2307.34468351082
Croatia,HRV,2016,30.9,12820.1653893008
Hungary,HUN,2016,30.3,13215.8605277789
Indonesia,IDN,2016,36.9,3521.46943457574
Ireland,IRL,2016,32.8,64129.5571542383
"Iran, Islamic Rep.",IRN,2016,35.9,5710.59947089104
Iceland,ISL,2016,27.2,62854.0906407932
Israel,ISR,2016,39.0,37671.5389138798
Italy,ITA,2016,35.2,31391.5692898108
Japan,JPN,2016,31.8,39375.4731620781
Kazakhstan,KAZ,2016,27.2,7475.56688689424
Kyrgyz Republic,KGZ,2016,26.8,1103.27489428412
"Korea, Rep.",KOR,2016,35.2,30832.0628072516
Liberia,LBR,2016,35.3,714.613063145659
Sri Lanka,LKA,2016,39.3,4149.19190775593
Lithuania,LTU,2016,38.4,14934.2702840428
Luxembourg,LUX,2016,31.7,106899.293549552
Latvia,LVA,2016,34.3,13838.5266823272
Moldova,MDA,2016,26.3,2847.08794770479
Maldives,MDV,2016,31.3,9947.80744731739
Mexico,MEX,2016,46.9,9097.92397674769
North Macedonia,MKD,2016,34.5,5598.48622617967
Malta,MLT,2016,29.1,26459.0770929988
Montenegro,MNE,2016,38.5,6968.01539365317
Mongolia,MNG,2016,32.3,3619.90026383792
Malawi,MWI,2016,44.7,450.506105510719
Netherlands,NLD,2016,28.2,46808.5291492503
Norway,NOR,2016,28.5,70867.3609970749
Panama,PAN,2016,50.4,14832.3611652459
Peru,PER,2016,43.6,6217.03599995447
Poland,POL,2016,31.2,12464.0110508476
Portugal,PRT,2016,35.2,19980.2808866516
Paraguay,PRY,2016,47.9,5775.15963399596
West Bank and Gaza,PSE,2016,33.7,3527.61382413178
Romania,ROU,2016,34.4,9404.54005870715
Russian Federation,RUS,2016,36.7,8663.158203125
Rwanda,RWA,2016,43.7,729.519133812945
El Salvador,SLV,2016,40.0,3901.34014965811
Serbia,SRB,2016,38.8,5982.37030126471
Slovak Republic,SVK,2016,25.2,16636.0769133073
Slovenia,SVN,2016,24.8,21447.8377796036
Sweden,SWE,2016,29.6,51703.5088332851
Eswatini,SWZ,2016,54.6,3238.17611961364
Thailand,THA,2016,36.7,5833.57715617098
Turkiye,TUR,2016,41.9,10984.3643169061
Uganda,UGA,2016,42.8,752.696571725656
Ukraine,UKR,2016,25.0,2158.46118164063
Uruguay,URY,2016,39.7,17009.7584207276
United States,USA,2016,41.3,57638.1018367192
Viet Nam,VNM,2016,35.3,2735.0604380416
Kosovo,XKX,2016,26.7,3759.44959067104
Albania,ALB,2017,33.1,5006.36012951959
Argentina,ARG,2017,41.4,14532.5009308511
Armenia,ARM,2017,33.6,3869.05373867752
Austria,AUT,2017,29.7,47163.7425775142
Belgium,BEL,2017,27.4,44035.3239358548
Bulgaria,BGR,2017,40.4,8696.68930427924
Belarus,BLR,2017,25.4,5785.54491935194
Bolivia,BOL,2017,44.6,4048.40119739839
Brazil,BRA,2017,53.3,10080.5078722821
Bhutan,BTN,2017,37.4,3435.28804735662
Canada,CAN,2017,33.3,45129.628116623
Switzerland,CHE,2017,32.7,82254.3769269767
Chile,CHL,2017,45.3,14879.9086227187
China,CHN,2017,39.1,8979.67652709856
Colombia,COL,2017,49.7,6479.53231292429
Costa Rica,CRI,2017,48.3,12317.0902771304
Cyprus,CYP,2017,31.4,26247.44921875
Czechia,CZE,2017,24.9,20913.197632212
Germany,DEU,2017,31.3,45553.9341495339
Djibouti,DJI,2017,41.6,2618.95521147369
Denmark,DNK,2017,28.7,57521.5514992225
Dominican Republic,DOM,2017,42.2,7412.71571571512
Ecuador,ECU,2017,44.7,6233.32244797718
"Egypt, Arab Rep.",EGY,2017,31.5,2395.10333299491
Spain,ESP,2017,34.7,28381.3425596906
Estonia,EST,2017,30.4,20851.5223496861
Finland,FIN,2017,27.4,46085.0174739036
France,FRA,2017,31.6,38687.1626407164
Gabon,GAB,2017,38.0,6921.73373135624
United Kingdom,GBR,2017,32.6,40916.8115070354
Georgia,GEO,2017,37.9,4418.75206546679
Greece,GRC,2017,34.4,18631.9930129293
Honduras,HND,2017,49.4,2413.0076562942
Croatia,HRV,2017,30.4,13901.7878144679
Hungary,HUN,2017,30.6,14736.1668157258
Indonesia,IDN,2017,36.4,3798.88326174526
Ireland,IRL,2017,31.4,72161.4047531385
"Iran, Islamic Rep.",IRN,2017,36.7,6000.93346404409
Iceland,ISL,2017,26.1,72976.3729990975
Israel,ISR,2017,38.2,41138.470964272
Italy,ITA,2017,35.9,32844.115660604
Japan,JPN,2017,31.8,38834.0529341227
Kazakhstan,KAZ,2017,27.5,8943.08416791984
Kyrgyz Republic,KGZ,2017,27.3,1221.39046807082
"Korea, Rep.",KOR,2017,34.9,33296.9845439195
Lesotho,LSO,2017,44.9,1069.36673247542
Lithuania,LTU,2017,37.3,16800.1510246099
Luxembourg,LUX,2017,34.5,110193.213797228
Latvia,LVA,2017,35.6,15132.4958333982
Moldova,MDA,2017,25.9,3453.26727720294
North Macedonia,MKD,2017,34.2,5955.2973863451
Malta,MLT,2017,29.2,30317.2443175543
Myanmar,MMR,2017,30.7,1272.82241815234
Montenegro,MNE,2017,36.9,7674.2813940676
Mauritius,MUS,2017,36.8,10986.7034093005
Netherlands,NLD,2017,28.5,49513.6817346384
Norway,NOR,2017,27.0,76131.8384032764
Panama,PAN,2017,49.9,15694.6297518495
Peru,PER,2017,43.3,6736.16693725487
Poland,POL,2017,29.7,13913.3402919927
Portugal,PRT,2017,33.8,21442.3842768879
Paraguay,PRY,2017,48.5,6152.2671153779
Qatar,QAT,2017,35.1,63279.8767486216
Romania,ROU,2017,36.0,10727.9822007426
Russian Federation,RUS,2017,35.5,10658.9130859375
El Salvador,SLV,2017,38.0,4020.12671373919
Serbia,SRB,2017,36.1,6548.03653824187
Sao Tome and Principe,STP,2017,40.7,1555.79477812888
Slovak Republic,SVK,2017,23.2,17645.5298716761
Slovenia,SVN,2017,24.2,23303.077705959
Sweden,SWE,2017,28.8,53210.2233318965
Thailand,THA,2017,36.4,6413.09182530343
Turkiye,TUR,2017,43.5,10756.3877677883
Ukraine,UKR,2017,26.0,2604.28759765625
Uruguay,URY,2017,39.5,19184.6502617082
United States,USA,2017,41.4,59635.0984397965
Kosovo,XKX,2017,44.2,4009.32022050863
Zimbabwe,ZWE,2017,44.3,3445.44941020134
Angola,AGO,2018,51.3,2860.0936483682
Albania,ALB,2018,30.1,5897.65452588774
United Arab Emirates,ARE,2018,26.4,47135.3591943971
Argentina,ARG,2018,41.7,11752.7998922979
Armenia,ARM,2018,34.4,4196.00562301769
Australia,AUS,2018,34.3,57410.1737346009
Austria,AUT,2018,30.8,51194.0749841299
Belgium,BEL,2018,27.2,47487.2100392561
Benin,BEN,2018,37.9,1151.7409703472
Burkina Faso,BFA,2018,43.0,777.465618514048
Bulgaria,BGR,2018,41.3,9849.38397225174
Belarus,BLR,2018,25.2,6360.037502312
Belize,BLZ,2018,39.9,6011.99036888587
Bolivia,BOL,2018,42.6,4206.8552936661
Brazil,BRA,2018,53.9,9300.66072904004
Canada,CAN,2018,32.5,46539.1761570405
Switzerland,CHE,2018,33.1,85217.3691512274
China,CHN,2018,38.5,10085.6638148819
Cote d'Ivoire,CIV,2018,37.2,2130.86619381144
Colombia,COL,2018,50.4,6816.96818309544
Costa Rica,CRI,2018,48.0,12590.2493781614
Cyprus,CYP,2018,32.7,29120.375
Czechia,CZE,2018,25.0,23705.9329811299
Germany,DEU,2018,31.9,48916.1686612154
Denmark,DNK,2018,28.2,61324.7665045565
Dominican Republic,DOM,2018,43.7,7882.98221584944
Ecuador,ECU,2018,45.4,6303.91886658338
Spain,ESP,2018,34.7,30602.4212881113
Estonia,EST,2018,30.3,23618.1361254581
Finland,FIN,2018,27.3,49654.2497035329
France,FRA,2018,32.4,41418.1766484844
United Kingdom,GBR,2018,33.7,43702.9976303165
Georgia,GEO,2018,36.4,4804.0546040444
Guinea,GIN,2018,29.6,933.273615633705
Guinea-Bissau,GNB,2018,34.8,808.531613218504
Greece,GRC,2018,32.9,19873.4015238771
Grenada,GRD,2018,43.8,10083.021279225
Honduras,HND,2018,48.9,2464.64241531918
Croatia,HRV,2018,29.7,15460.3669595491
Indonesia,IDN,2018,36.3,3860.95353090726
Ireland,IRL,2018,30.6,80804.1123164826
"Iran, Islamic Rep.",IRN,2018,37.4,4783.01067340237
Iceland,ISL,2018,26.6,75633.8651351915
Israel,ISR,2018,38.6,42362.6652754196
Italy,ITA,2018,35.2,34904.1081923834
Jamaica,JAM,2018,35.3,5976.90362644337
Japan,JPN,2018,32.9,39751.1330982711
Kazakhstan,KAZ,2018,27.8,9472.48527327758
Kyrgyz Republic,KGZ,2018,27.7,1283.5203037417
"Korea, Rep.",KOR,2018,33.7,35363.9508228687
Lao PDR,LAO,2018,38.8,2545.1075420815
Lithuania,LTU,2018,35.7,19247.2315367967
Luxembourg,LUX,2018,35.4,116926.759593905
Latvia,LVA,2018,35.1,17252.1710428626
Moldova,MDA,2018,25.7,4156.44981956646
Mexico,MEX,2018,46.0,10084.7937562021
North Macedonia,MKD,2018,33.0,6713.98925398989
Mali,MLI,2018,36.0,996.379292136901
Malta,MLT,2018,28.7,33382.2677499267
Montenegro,MNE,2018,36.8,8673.59128084795
Mongolia,MNG,2018,32.7,4107.64288528468
Malaysia,MYS,2018,41.2,10901.8019954421
Niger,NER,2018,37.3,578.568035680892
Nigeria,NGA,2018,35.1,2057.87944554011
Netherlands,NLD,2018,28.1,53955.0770024266
Norway,NOR,2018,27.6,82792.8427113304
Pakistan,PAK,2018,29.6,1569.33814626355
Panama,PAN,2018,49.2,16151.3273433486
Peru,PER,2018,42.4,6978.49121548627
Philippines,PHL,2018,42.3,3168.51036609727
Poland,POL,2018,30.2,15658.2120316794
Portugal,PRT,2018,33.5,23541.1401075289
Paraguay,PRY,2018,46.0,6258.44991640984
Romania,ROU,2018,35.8,12416.134317959
Russian Federation,RUS,2018,35.3,11211.8876953125
Senegal,SEN,2018,38.3,1452.55612562445
Sierra Leone,SLE,2018,35.7,845.914540460932
El Salvador,SLV,2018,38.6,4183.54620971358
Serbia,SRB,2018,35.0,7559.86165747394
Slovak Republic,SVK,2018,25.0,19573.3717031314
Slovenia,SVN,2018,24.6,25888.0481065655
Sweden,SWE,2018,30.0,54018.4554391861
Seychelles,SYC,2018,32.1,18440.2340460932
Chad,TCD,2018,37.5,948.656629871231
Togo,TGO,2018,42.5,851.120561233595
Thailand,THA,2018,36.4,7099.77650081458
Turkiye,TUR,2018,42.4,9684.11819884721
Tanzania,TZA,2018,40.5,1023.10626220703
Ukraine,UKR,2018,26.1,3059.0517578125
Uruguay,URY,2018,39.7,19249.9404677501
United States,USA,2018,41.8,62499.8744390068
Viet Nam,VNM,2018,35.7,3222.31003125366
Kosovo,XKX,2018,44.6,4384.18796444738
Albania,ALB,2019,30.1,6069.43903131027
Argentina,ARG,2019,43.3,9955.97478680428
Armenia,ARM,2019,30.0,4597.22887399548
Austria,AUT,2019,30.2,49885.9947355204
Belgium,BEL,2019,27.2,46716.6227467964
Bulgaria,BGR,2019,40.3,10353.7204584127
Belarus,BLR,2019,25.3,6837.77339645635
Bolivia,BOL,2019,41.6,4203.15492855788
Brazil,BRA,2019,53.5,9029.83304401079
Canada,CAN,2019,31.7,46352.8693445211
Switzerland,CHE,2019,34.0,84121.9310304414
China,CHN,2019,38.2,10342.9009524335
Colombia,COL,2019,51.3,6472.54544924705
Costa Rica,CRI,2019,48.2,12884.6859951989
Cyprus,CYP,2019,31.2,29227.173828125
Czechia,CZE,2019,25.3,24062.7190013343
Germany,DEU,2019,31.8,47656.199739747
Denmark,DNK,2019,27.7,59404.2663247723
Dominican Republic,DOM,2019,41.9,8183.01623600375
Ecuador,ECU,2019,45.7,6205.05765246766
"Egypt, Arab Rep.",EGY,2019,31.9,2962.98892023003
Spain,ESP,2019,34.3,29786.5245689007
Estonia,EST,2019,30.8,24021.2501413306
Finland,FIN,2019,27.7,48358.1807773701
Fiji,FJI,2019,30.7,5842.07344577597
France,FRA,2019,31.2,40408.2848574751
United Kingdom,GBR,2019,32.8,43158.7411267323
Georgia,GEO,2019,35.9,4741.2832715876
Greece,GRC,2019,33.1,19335.3602002969
Honduras,HND,2019,48.2,2502.32744328073
Croatia,HRV,2019,28.9,15563.5987295029
Indonesia,IDN,2019,35.4,4106.94856160358
Ireland,IRL,2019,30.3,81827.6688873996
"Iran, Islamic Rep.",IRN,2019,36.5,3997.4935449585
Iceland,ISL,2019,26.8,69296.3144361601
Israel,ISR,2019,38.3,44250.6313628073
Italy,ITA,2019,34.6,33812.788724868
Japan,JPN,2019,33.0,40415.9567649547
Kazakhstan,KAZ,2019,28.0,9457.12614657136
Kyrgyz Republic,KGZ,2019,29.7,1421.99927504102
Kiribati,KIR,2019,27.8,1750.9977188915
"Korea, Rep.",KOR,2019,33.2,33826.9443301597
Sri Lanka,LKA,2019,37.7,4081.94772722003
Lithuania,LTU,2019,35.3,19608.7943945553
Luxembourg,LUX,2019,34.2,112696.649059674
Latvia,LVA,2019,34.5,17294.9751600969
Moldova,MDA,2019,26.0,4405.33418162155
Maldives,MDV,2019,29.3,11740.2724029785
Marshall Islands,MHL,2019,35.5,5292.33985502306
North Macedonia,MKD,2019,33.5,6718.85826635458
Malta,MLT,2019,31.0,32421.9179752262
Montenegro,MNE,2019,35.7,8749.02375172644
Mozambique,MOZ,2019,50.7,519.09255091362
Mauritania,MRT,2019,32.0,1767.072710621
Malawi,MWI,2019,38.5,580.889139762475
Netherlands,NLD,2019,29.2,53554.9007491475
Norway,NOR,2019,27.7,76430.5889473338
Panama,PAN,2019,49.8,16477.9066268111
Peru,PER,2019,41.5,7037.00803692604
Poland,POL,2019,28.8,15874.5220531254
Portugal,PRT,2019,32.8,23343.3628970034
Paraguay,PRY,2019,45.7,5821.18199548738
Romania,ROU,2019,34.8,12909.6104013244
Russian Federation,RUS,2019,35.7,11447.701171875
El Salvador,SLV,2019,38.8,4320.11671534627
Serbia,SRB,2019,34.5,7755.632986437
Slovak Republic,SVK,2019,23.2,19406.0589683582
Slovenia,SVN,2019,24.4,25814.1687167572
Sweden,SWE,2019,29.3,51648.9892820514
Thailand,THA,2019,34.9,7605.69657797759
Turkiye,TUR,2019,43.8,9395.23378001368
Uganda,UGA,2019,42.7,822.171150036357
Ukraine,UKR,2019,26.6,3619.86157226563
Uruguay,URY,2019,39.7,18315.7316980028
United States,USA,2019,41.9,64746.4506778863
Vanuatu,VUT,2019,32.3,3207.44650452083
Kosovo,XKX,2019,40.2,4415.99923011071
Zimbabwe,ZWE,2019,50.3,2184.32923855469
Albania,ALB,2020,29.4,6027.91350716348
Argentina,ARG,2020,42.7,8535.59938004389
Armenia,ARM,2020,25.1,4268.68093304583
Australia,AUS,2020,33.8,51983.4523666382
Austria,AUT,2020,29.8,48716.4098900349
Burundi,BDI,2020,37.5,255.8324539389
Belgium,BEL,2020,26.0,45906.2875805246
Bulgaria,BGR,2020,40.5,10760.211975413
Belarus,BLR,2020,24.4,6542.85579976768
Bolivia,BOL,2020,43.6,3580.96761778303
Brazil,BRA,2020,48.9,7074.19407495707
Canada,CAN,2020,29.9,43537.839298904
Switzerland,CHE,2020,33.7,85897.7843338323
Chile,CHL,2020,47.0,13114.815470545
China,CHN,2020,37.1,10627.4637989619
"Congo, Dem. Rep.",COD,2020,44.7,486.425572682256
Colombia,COL,2020,53.5,5339.68711357943
Costa Rica,CRI,2020,49.2,12394.0493969492
Cyprus,CYP,2020,31.7,28130.341796875
Czechia,CZE,2020,26.2,23472.8915454417
Germany,DEU,2020,32.4,47394.8734504469
Denmark,DNK,2020,27.5,60985.4885601514
Dominican Republic,DOM,2020,39.6,7135.22273255899
Ecuador,ECU,2020,47.3,5463.64515348598
Spain,ESP,2020,34.9,27233.9426461608
Estonia,EST,2020,30.7,23933.9939421065
Finland,FIN,2020,27.1,48828.6846862799
France,FRA,2020,30.7,39169.8606000707
United Kingdom,GBR,2020,32.6,40812.6794663879
Georgia,GEO,2020,34.5,4300.85701291207
"Gambia, The",GMB,2020,38.8,720.335143352133
Greece,GRC,2020,33.6,17886.733165236
Croatia,HRV,2020,29.5,14807.5608543265
Indonesia,IDN,2020,35.3,3853.70288774146
Ireland,IRL,2020,29.2,86514.0706108754
"Iran, Islamic Rep.",IRN,2020,35.8,3202.50003502169
Israel,ISR,2020,37.8,44575.5719045492
Italy,ITA,2020,35.2,32091.4866621366
Japan,JPN,2020,32.3,40028.7341726762
Kazakhstan,KAZ,2020,28.7,8781.50797787648
Kenya,KEN,2020,36.2,1927.66459027849
Kyrgyz Republic,KGZ,2020,29.0,1229.51766602907
"Korea, Rep.",KOR,2020,32.7,33645.7719545073
Lithuania,LTU,2020,36.0,20428.6478157394
Luxembourg,LUX,2020,33.4,116860.02817236
Latvia,LVA,2020,35.7,17564.2321549354
Moldova,MDA,2020,25.0,4375.7788930524
Mexico,MEX,2020,44.6,8841.27075039868
Malta,MLT,2020,31.4,31823.4363934505
Montenegro,MNE,2020,35.4,7538.53635992191
Netherlands,NLD,2020,26.0,53467.9277413737
Norway,NOR,2020,28.4,68340.0181033702
Peru,PER,2020,43.7,6133.32552410183
Poland,POL,2020,28.5,16150.9304813473
Portugal,PRT,2020,34.7,22299.4044062173
Paraguay,PRY,2020,43.5,5365.47220721104
Romania,ROU,2020,34.6,13009.1770573223
Russian Federation,RUS,2020,33.7,10108.3271484375
Serbia,SRB,2020,35.0,8098.70955668849
Slovak Republic,SVK,2020,24.2,19735.4858280801
Slovenia,SVN,2020,24.0,25392.0651093612
Sweden,SWE,2020,28.9,52568.5726980146
Thailand,THA,2020,35.0,6985.64393892574
Turkiye,TUR,2020,43.0,8798.11791709313
Ukraine,UKR,2020,25.6,3709.76928710938
Uruguay,URY,2020,40.2,15757.5355995779
United States,USA,2020,40.0,63515.9491807833
Viet Nam,VNM,2020,36.8,3534.03953482647
Kosovo,XKX,2020,57.4,4310.88963754863
Argentina,ARG,2021,42.4,10738.0179223384
Armenia,ARM,2021,27.9,4685.17997128509
Austria,AUT,2021,30.7,53648.6437976214
Belgium,BEL,2021,26.6,51658.238294958
Benin,BEN,2021,34.4,1318.65158075198
Burkina Faso,BFA,2021,37.4,895.535288442991
Bulgaria,BGR,2021,39.0,12966.1457543396
Bolivia,BOL,2021,40.9,4010.76053686204
Brazil,BRA,2021,52.9,7972.53696080695
Central African Republic,CAF,2021,43.0,492.263142830507
Canada,CAN,2021,31.1,52886.6616372703
Switzerland,CHE,2021,33.8,93664.7736696111
China,CHN,2021,35.7,12887.4357242941
Cote d'Ivoire,CIV,2021,35.3,2455.98127641148
Cameroon,CMR,2021,42.2,1672.32657340872
Colombia,COL,2021,55.1,6222.62164397614
Costa Rica,CRI,2021,48.7,12838.1185358931
Cyprus,CYP,2021,31.3,32937.83984375
Czechia,CZE,2021,26.2,27696.4619527544
Denmark,DNK,2021,28.3,69340.7334922138
Dominican Republic,DOM,2021,38.5,8527.0754858205
Ecuador,ECU,2021,45.8,6061.32350181711
"Egypt, Arab Rep.",EGY,2021,28.5,3827.35415374308
Spain,ESP,2021,33.9,30799.4775937775
Estonia,EST,2021,31.8,27951.1659277744
Ethiopia,ETH,2021,31.1,893.00983544905
Finland,FIN,2021,27.7,53099.1351400148
France,FRA,2021,31.5,43725.0999521245
United Kingdom,GBR,2021,32.4,47691.3768799404
Georgia,GEO,2021,34.2,5083.60695484577
Guinea-Bissau,GNB,2021,33.4,926.780921081233
Greece,GRC,2021,32.9,20654.7001960815
Croatia,HRV,2021,28.9,17788.7865816658
Indonesia,IDN,2021,35.5,4287.17313995098
Ireland,IRL,2021,29.4,103783.446284479
"Iran, Islamic Rep.",IRN,2021,35.5,4605.14881318992
Israel,ISR,2021,37.9,52270.9040241956
Italy,ITA,2021,34.8,36852.5425414951
Jamaica,JAM,2021,39.9,5625.67806271236
Kazakhstan,KAZ,2021,29.2,9983.60103576902
Kenya,KEN,2021,38.7,2061.35622089594
Kyrgyz Republic,KGZ,2021,28.8,1349.99730650542
"Korea, Rep.",KOR,2021,32.9,37518.4635305697
Lithuania,LTU,2021,36.7,23870.4594851722
Luxembourg,LUX,2021,32.7,134965.815442152
Latvia,LVA,2021,34.3,20261.8887788916
Moldova,MDA,2021,25.7,5274.60582195352
Madagascar,MDG,2021,36.8,483.469463351195
Mali,MLI,2021,35.7,1027.27345365357
Malta,MLT,2021,31.6,38096.8360735119
Montenegro,MNE,2021,34.3,9317.15520065156
Malaysia,MYS,2021,40.7,10903.1037480772
Niger,NER,2021,32.9,608.722439593808
Netherlands,NLD,2021,25.7,60141.9880911492
Norway,NOR,2021,29.1,93072.8925119571
Panama,PAN,2021,50.9,15509.8069124139
Peru,PER,2021,40.1,6826.20255614477
Philippines,PHL,2021,40.7,3484.38593882819
Poland,POL,2021,28.5,18635.5104895754
Portugal,PRT,2021,34.6,24711.4510062111
Paraguay,PRY,2021,42.9,5976.93179789949
Romania,ROU,2021,33.9,14907.9803652143
Russian Federation,RUS,2021,35.1,12425.029296875
Senegal,SEN,2021,36.2,1598.10676952274
El Salvador,SLV,2021,39.0,4642.60743101342
Serbia,SRB,2021,33.1,9680.52798074468
Slovak Republic,SVK,2021,24.1,22123.3342114545
Slovenia,SVN,2021,24.3,29192.8401933019
Sweden,SWE,2021,29.8,60647.5416365347
Togo,TGO,2021,37.9,962.075187515872
Thailand,THA,2021,34.9,7057.20754802279
Tajikistan,TJK,2021,32.4,896.748053372182
Tonga,TON,2021,27.1,4922.80171378368
Tunisia,TUN,2021,33.7,3906.93926319391
Turkiye,TUR,2021,44.4,9981.76398411336
Uruguay,URY,2021,40.8,17881.818721099
United States,USA,2021,39.7,70205.050916026
Uzbekistan,UZB,2021,32.9,2258.51964119278
Kosovo,XKX,2021,49.4,5270.43236861018
Argentina,ARG,2022,40.7,13962.1894087223
Armenia,ARM,2022,27.9,6571.97445545099
Austria,AUT,2022,30.9,52336.7725223758
Belgium,BEL,2022,26.4,50605.7496677086
Bangladesh,BGD,2022,30.9,2716.48592780431
Bulgaria,BGR,2022,38.2,13999.1949530956
Bolivia,BOL,2022,41.2,4219.46113742445
Brazil,BRA,2022,52.0,9281.33282136864
Bhutan,BTN,2022,28.5,3711.32767981591
Switzerland,CHE,2022,33.8,94394.5106803525
Chile,CHL,2022,43.0,15405.6165774073
China,CHN,2022,36.0,12970.6056414327
Colombia,COL,2022,54.8,6680.44506854481
Costa Rica,CRI,2022,47.2,13625.9008491328
Cyprus,CYP,2022,31.5,33231.04296875
Czechia,CZE,2022,25.9,28282.2236715857
Denmark,DNK,2022,29.3,67781.0940939514
Dominican Republic,DOM,2022,37.0,10104.2449349081
Ecuador,ECU,2022,45.5,6515.58528418336
Spain,ESP,2022,33.6,30319.4987196616
Estonia,EST,2022,32.3,28340.3826549406
Finland,FIN,2022,27.9,50440.560224974
France,FRA,2022,31.2,40988.6396406579
Georgia,GEO,2022,33.5,6729.84659930283
Equatorial Guinea,GNQ,2022,38.5,7589.29964909381
Greece,GRC,2022,33.4,20886.5243087629
Croatia,HRV,2022,30.0,18465.5414420364
Indonesia,IDN,2022,35.5,4730.83484836107
India,IND,2022,25.5,2347.44829434623
Ireland,IRL,2022,29.9,105190.685952731
"Iran, Islamic Rep.",IRN,2022,34.8,4721.20437099984
Italy,ITA,2022,33.7,35653.9042103495
Kenya,KEN,2022,37.7,2109.56288513137
Kyrgyz Republic,KGZ,2022,26.4,1739.72018344174
Lebanon,LBN,2022,35.3,3654.35845534878
Lithuania,LTU,2022,36.6,25085.784063499
Luxembourg,LUX,2022,34.1,123719.658915996
Latvia,LVA,2022,33.7,20221.103686109
Moldova,MDA,2022,25.9,5744.29618434435
Mexico,MEX,2022,43.5,11405.7940473759
Malta,MLT,2022,34.6,35638.8869457406
Mongolia,MNG,2022,31.4,4993.51487463495
Mozambique,MOZ,2022,49.6,578.251663751351
Nigeria,NGA,2022,33.9,2899.16047470324
Norway,NOR,2022,26.9,109269.520580298
Nepal,NPL,2022,30.0,1385.91066274851
Peru,PER,2022,40.3,7350.63034300417
Poland,POL,2022,28.9,18891.2121169279
Portugal,PRT,2022,36.3,24620.5197587181
Paraguay,PRY,2022,44.6,6205.62595379319
Romania,ROU,2022,32.3,15503.551804598
Russian Federation,RUS,2022,33.9,15619.6142578125
El Salvador,SLV,2022,38.8,5074.60210221806
Serbia,SRB,2022,32.8,10024.8191112596
Suriname,SUR,2022,39.2,6084.43876736445
Slovak Republic,SVK,2022,24.1,21317.7943982363
Slovenia,SVN,2022,24.3,28360.3041467268
Sweden,SWE,2022,31.6,54836.8907235124
Syrian Arab Republic,SYR,2022,26.6,1051.67149587463
Chad,TCD,2022,37.4,966.036468278568
Thailand,THA,2022,34.3,6909.35281815827
Tajikistan,TJK,2022,39.5,1052.17949484894
Turkiye,TUR,2022,44.5,10897.8397861365
Uruguay,URY,2022,40.6,20818.6146091144
United States,USA,2022,41.7,76657.2488844403
Uzbekistan,UZB,2022,31.2,2578.66689394219
Viet Nam,VNM,2022,36.1,4147.69777213621
Kosovo,XKX,2022,38.3,5290.95006509706
Zambia,ZMB,2022,51.5,1447.12310138035
